module,path,methods,verified,probe_status,params,query
"admin","/api/admin/template/meta","POST","bundle","","",""
"admin","/api/admin/template/system/tag/drop","GET","bundle","","",""
"admin","/api/admin/template/system/tag/new","GET","probe","404","",""
"agreement","/auth/agreement/access","PUT","bundle","","",""
"agreement","/auth/agreement/reject","PUT","bundle","","",""
"apikey","/api/apikey","DELETE|GET|PATCH|POST","live","200","",""
"assets","/api/assets","DELETE|GET|POST","probe","404","tag|team_id",""
"assets","/api/assets/audio/file","GET","probe","404","audio_file|updateTsIfExisted",""
"assets","/api/assets/cert/file","DELETE","bundle","","cert_file|updateTsIfExisted",""
"assets","/api/assets/clearimages","POST","bundle","","",""
"assets","/api/assets/image/cosobj","POST","bundle","","object_name|team_id|watermark",""
"assets","/api/assets/image/data","POST","bundle","","base64|filename|limit|team_id",""
"assets","/api/assets/image/file","POST","bundle","","formData",""
"assets","/api/assets/image/fromAnyStorage","POST","bundle","","imagelinks",""
"assets","/api/assets/image/imagedata","POST","bundle","","image_data|team_id",""
"assets","/api/assets/image/outlink","POST","bundle","","image_url|team_id|updateTsIfExisted",""
"assets","/api/assets/image/qqmap","POST","bundle","","lat|lng|team_id",""
"assets","/api/assets/image/svgContent","POST","bundle","","",""
"assets","/api/assets/image/wxlink","POST","bundle","","fileNames|imagelinks|tag|team_id",""
"assets","/api/assets/list/audio","GET","probe","200","",""
"assets","/api/assets/list/image","GET","probe","200","limit|offset|search|team_id",""
"assets","/api/assets/list/image/count","GET","probe","200","limit|offset|team_id",""
"assets","/api/assets/list/image/used","GET","probe","200","limit|offset|team_id",""
"assets","/api/assets/list/video","GET","probe","200","limit|offset|team_id",""
"assets","/api/assets/list/video/count","GET","probe","404","team_id",""
"assets","/api/assets/list/video/used","GET","probe","404","team_id",""
"assets","/api/assets/psd/file","","probe","404","layout|psd_file|text2image",""
"assets","/api/assets/tagsset","POST","bundle","","tags_set",""
"assets","/api/assets/type/image/tag","DELETE","bundle","","team_id",""
"assets","/api/assets/type/image/tag/assets","GET","probe","200","limit|offset|tag|team_id",""
"assets","/api/assets/type/image/tag/rename","POST","bundle","","new_tag|old_tag|team_id",""
"assets","/api/assets/type/image/tags","DELETE|GET|POST","probe","200","team_id",""
"assets","/api/assets/type/image/tagsorder","GET|POST","live","200","order|team_id",""
"assets","/api/assets/type/image/untags","GET","probe","200","limit|offset|tag|team_id",""
"assets","/api/assets/type/image/untags/clearimages","DELETE","bundle","","limit|team_id",""
"assets","/api/assets/video/cosobj","POST","bundle","","object_name|team_id|updateTsIfExisted",""
"assets","/api/assets/video/file","POST","bundle","","formData",""
"assets","/api/assets/video/ossobj","POST","bundle","","object_name|team_id|updateTsIfExisted",""
"audio","/api/audio/audio_list","GET","probe","404","",""
"audio","/api/audio/category_list","GET","probe","200","",""
"audio","/api/audio/source_list","GET","probe","200","",""
"auth","/api/auth/email/reset_password","POST","bundle","","code|email|password",""
"auth","/api/auth/login-captcha","GET","live","400","area_code|username","area_code|username"
"auth","/api/auth/partner/ownerpartnerapp","GET","live","200","unique_uid",""
"auth","/api/auth/partner/partnerapp","DELETE|POST|PUT","bundle","","",""
"auth","/api/auth/partner/partnerapp/applications","GET","probe","404","unique_uid",""
"auth","/api/auth/partner/partnerapp/ownerpartnerapp","GET","probe","404","unique_uid",""
"auth","/api/auth/partner/partnerapp/ownerunbind","DELETE","bundle","","e",""
"auth","/api/auth/partner/partnerapp/resetsecret","PUT","bundle","","",""
"auth","/api/auth/partner/partnerapp/unbind","DELETE","bundle","","e|unique_uid",""
"auth","/api/auth/partner/partnerappbind","GET","probe","400","",""
"auth","/api/auth/partner/partnerappbindlist","GET","live","200","unique_uid",""
"auth","/api/auth/partner/partnerbind","GET","probe","404","",""
"auth","/api/auth/partnerinfo","GET","probe","200","",""
"auth","/api/auth/register_phone","POST","bundle","","",""
"auth","/api/auth/reset_password","POST","bundle","","area_code|code|password|phone",""
"bind_qq","/auth/bind_qq","POST","bundle","","",""
"bind_wechat","/auth/bind_wechat","POST","bundle","","",""
"bind_weibo","/auth/bind_weibo","POST","bundle","","",""
"comments","/api/comments","DELETE|GET","probe","404","ver",""
"comments","/api/comments/rights","GET","probe","403","",""
"comments","/api/comments/rights/team","POST","bundle","","team_id|team_name|ts",""
"comments","/api/comments/rights/trash/team","POST","bundle","","team_id",""
"comments","/api/comments/rights/trash/user","POST","bundle","","area_code|email|phone",""
"comments","/api/comments/rights/user","POST","bundle","","area_code|email|name|phone|ts",""
"comments","/api/comments/share/token","GET","probe","404","",""
"connect","/auth/connect/user/access_code","GET","probe","200","access_code|user_sid",""
"contacts","/api/contacts","DELETE","bundle","","",""
"contacts","/api/contacts/add","POST","bundle","","condition|nickname|r|t",""
"contacts","/api/contacts/list","GET","live","200","limit|reverse","limit|reverse"
"contacts","/api/contacts/update","POST","bundle","","condition|contacts_id|nickname",""
"custom_domains","/api/custom_domains","DELETE|GET|POST|PUT","probe","400","cert_url|domain_name|key_url|team_id",""
"custom_domains","/api/custom_domains/for/show","GET","probe","404","",""
"email","/api/email/auth","POST","bundle","","",""
"email","/api/email/auth_action","POST","bundle","","action|code",""
"email","/api/email/change_email","POST","bundle","","email",""
"email","/api/email/reset_password","POST","bundle","","email|randstr|ticket",""
"email","/api/email/validate_email","POST","bundle","","action",""
"email","/auth/email/login","POST|PUT","live","","area_code|email|password",""
"email","/auth/email/success","GET","live","","",""
"fonts","/api/fonts/youziku/get_batch_woff_font_face","","probe","404","",""
"forms","/api/forms","GET","probe","404","page|per_page",""
"forms","/api/forms/count","DELETE|GET|PUT","probe","404","",""
"forms","/api/forms/data/forshow","DELETE|GET","probe","404","",""
"forms","/api/forms/excel","GET","probe","404","",""
"forms","/api/forms/export","GET","probe","404","export_all|export_type|file_type|per_page",""
"forms","/api/forms/query/export","GET","probe","404","",""
"fragment","/api/fragment","DELETE","bundle","","",""
"fragments","/api/fragments","POST","bundle","","",""
"fragments","/api/fragments/up","POST","bundle","","",""
"fragments","/api/fragments/used","GET","probe","404","team_id",""
"fragments","/api/fragments/v5","DELETE|GET|POST","probe","404","limit|new_tag|offset|old_tag|order|tag|team_id",""
"fragments","/api/fragments/v5/booklet/page/tagsorder","POST","live","","order",""
"fragments","/api/fragments/v5/paper/comp/tagsorder","POST","live","","order",""
"help","/api/help","DELETE","bundle","","",""
"help","/api/help/add","POST","bundle","","doc_type|key|overwrite|recursive",""
"help","/api/help/check","DELETE","bundle","","",""
"help","/api/help/recommended","DELETE|GET|POST","live","","type","type"
"help","/api/help/search","GET","probe","400","key|limit|nostat|offset|type",""
"home_slogans","/api/home_slogans","GET","live","200","",""
"htmlCode","/api/htmlCode/verify","POST","bundle","","html",""
"invitation","/api/invitation","GET","probe","404","",""
"invoices","/api/invoices","DELETE|GET|POST|PUT","probe","200","include|limit|offset|orderBy",""
"invoices","/api/invoices/available","GET","live","200","include","include"
"invoices","/api/invoices/count","GET","live","200","limit|offset|orderBy",""
"invoices","/api/invoices/lastinvoice","GET","live","200","",""
"invoices","/api/invoices/list","GET","probe","404","limit|offset|orderBy",""
"invoices","/api/invoices/require","POST","bundle","","",""
"invoices","/api/invoices/revoke","DELETE","bundle","","",""
"issues","/api/issues","POST","bundle","","report_data",""
"login_history","/api/login_history","GET","probe","200","",""
"logout","/auth/logout","GET","bundle","","",""
"me","/auth/me","GET","probe","200","",""
"messages","/api/messages","GET|POST","live","200","limit|page|state","limit|page|state"
"messages","/api/messages/mute_be_saved_to","POST","bundle","","",""
"messages","/api/messages/mute_invitation","POST","bundle","","",""
"messages","/api/messages/mute_new_show","GET","probe","404","",""
"messages","/api/messages/setting/mute_be_saved_to","POST","bundle","","",""
"messages","/api/messages/setting/mute_invitation","POST","bundle","","",""
"messages","/api/messages/setting/mute_new_show","POST","bundle","","",""
"messages","/api/messages/settings","GET","probe","200","",""
"messages","/api/messages/settings/","GET","live","","",""
"messages","/api/messages/status","GET","live","200","",""
"mobile_wechat","/auth/mobile_wechat","","probe","302","",""
"nlp","/api/nlp/extract_headings","POST","bundle","","textElements",""
"nlp","/api/nlp/extract_headings2","GET","probe","404","",""
"nlp","/api/nlp/extract_headings2/tasks/{param}","GET","bundle","","",""
"nlp","/api/nlp/extract_headings2/word/{param}","","bundle","","",""
"notify","/api/notify","GET","live","200","",""
"orders","/api/orders","GET|POST","live","200","limit|offset","limit|offset"
"orders","/api/orders/for/create_order","GET","probe","200","",""
"orders","/api/orders/for/enterprise_team","GET|POST","probe","404","amount|day_count|member_count",""
"orders","/api/orders/for/order_pay","POST","bundle","","order_id|pay_type",""
"orders","/api/orders/for/show_goods","POST","bundle","","show_goods_id|special_offer|use_wallet",""
"orders","/api/orders/for/special_offer","GET","probe","200","",""
"orders","/api/orders/for/team_wallet","GET","probe","404","limit|offset",""
"orders","/api/orders/for/team_wallet_detail","GET","probe","404","offset",""
"orders","/api/orders/for/team_wallet_transfer","POST","bundle","","member_id|team_id|transferAmount",""
"orders","/api/orders/for/tpl_show_goods","POST","bundle","","show_goods_id",""
"orders","/api/orders/for/wallet_recharge","POST","bundle","","amount|offset|pay_type|team_id",""
"orders","/api/orders/for/wallet_redeem","POST","bundle","","redeemCode",""
"orders","/api/orders/for/wallet_transfer","POST","bundle","","area_code|limit|transferAmount|transferTargetCondition",""
"orders","/api/orders/for/withdraw_cash","POST","bundle","","amount",""
"orders","/api/orders/tariff/for/enterprise_team","GET","probe","404","upgrade_type",""
"orders","/api/orders/tariff/for/level/upgrading","GET","live","200","email|team_id",""
"orders","/api/orders/tariff/for/templated_membership/upgrading","GET","live","200","email",""
"orders","/api/orders/tariff/for/traffic_package","GET","live","200","email|team_id",""
"publisher","/api/publisher/identity","DELETE|GET|POST","live","200","team_id","team_id"
"qq","/auth/qq","","probe","200","",""
"qrimage","/api/qrimage/progress","GET","probe","400","token",""
"qrimage","/api/qrimage/token","DELETE|POST","bundle","","tag|team_id|watermark",""
"qrshare","/api/qrshare/show/save","POST","bundle","","share_token",""
"qrshare","/api/qrshare/show/share","POST","bundle","","show_id",""
"renderer","/api/renderer/comp/show","GET","probe","404","nopadding|quality",""
"renderer","/api/renderer/export","GET","probe","404","",""
"renderer","/api/renderer/frames/show","GET","probe","404","end_page|frequence|poster_path|quality|scroll_speed|start_page|storage_target|transparent_bg|turning_interval",""
"renderer","/api/renderer/gif/show","GET","probe","404","end_page|frequence|poster_path|quality|repeat|scroll_speed|start_page|storage_target|transparent_bg|turning_interval",""
"renderer","/api/renderer/pdf/show","GET","probe","404","no_padding|page_height|page_width|quality",""
"renderer","/api/renderer/screenshot/show","GET","probe","404","combine_dir|end_page|file_type|no_padding|page_height|page_indicators|page_width|poster_path|quality|start_page|storage_target|transparent_bg",""
"renderer","/api/renderer/video/show","GET","probe","404","page_width|quality|scroll_speed|turning_interval|use_music",""
"report","/auth/report/result/failed","GET","probe","200","delay_time|loadingUserInfo|requirePhoneBind|signingIn|signingOut|uploadCdnHost|uploadCfgs|uploadToOss|userInfo",""
"report","/auth/report/result/success","GET","probe","200","delay_time|loadingUserInfo|requirePhoneBind|signingIn|signingOut|uploadCdnHost|uploadCfgs|uploadToOss|userInfo",""
"show","/api/show","GET","probe","404","",""
"show","/api/show/collect_img/5","POST","bundle","","showData",""
"show","/api/show/scan_image_infringement/5","POST","bundle","","showData",""
"show_goods","/api/show_goods/application/originality_file_upload","GET","probe","404","formData",""
"show_goods","/api/show_goods/applications","GET|POST|PUT","probe","404","access_token|is_new_original_file|originality_file_url|price|reason|show_goods_id|show_id|tag_id|template_membership_flag",""
"show_goods","/api/show_goods/applications/revoke","DELETE|PUT","bundle","","",""
"show_goods","/api/show_goods/author/applying","POST","bundle","","home_url|state",""
"show_goods","/api/show_goods/author/state","GET","live","200","",""
"show_goods","/api/show_goods/expected_income","GET","probe","200","show_type|utc_ticks",""
"show_goods","/api/show_goods/goodses","GET","live","200","by_nearest|limit|page|price_scope|search|show_type|showgoods_type|tag_id|tag_name|tpl_flag|utc_ticks","by_nearest|limit|page|price_scope|search|show_type|showgoods_type|tag_id|tag_name|tpl_flag"
"show_goods","/api/show_goods/goodses/assign_tags","PUT","bundle","","inTags|outTags|relatedFlag|show_goods_id",""
"show_goods","/api/show_goods/goodses/change_price","PUT","bundle","","show_goods_id",""
"show_goods","/api/show_goods/goodses/stopSale","PUT","bundle","","show_goods_id",""
"show_goods","/api/show_goods/my/applications","GET","probe","200","application_type|limit|page|state",""
"show_goods","/api/show_goods/my/goodses","GET|POST","probe","200","limit|page|state",""
"show_goods","/api/show_goods/my/incomes/goodses","GET","live","200","limit|page|payedOnly|scopeType|state","limit|page|payedOnly|scopeType|state"
"show_goods","/api/show_goods/my/info","GET","probe","404","include|show_type",""
"show_goods","/api/show_goods/my/purchased/goodses","GET","live","200","limit|page|show_type","limit|page|show_type"
"show_goods","/api/show_goods/my/purchased/state","GET","probe","400","include|show_goods_id",""
"show_goods","/api/show_goods/official_recommended","GET","probe","200","limit|page|show_type",""
"show_goods","/api/show_goods/purchased/goodses","POST","bundle","","show_goods_id",""
"show_goods","/api/show_goods/rank","GET","probe","200","limit|page|range_from|range_to|rank_object|show_type",""
"show_goods","/api/show_goods/tags_tree","GET","live","400","show_goods|show_type|tag_level_from|tag_level_to","show_goods|show_type|tag_level_from|tag_level_to"
"show_goods","/api/show_goods/tpl_goods/bought/state","GET","probe","200","n",""
"show_goods","/api/show_goods/tpl_goods/count","GET","live","200","utc_ticks",""
"show_goods_favorite_tags","/api/show_goods_favorite_tags","GET","probe","404","",""
"show_goods_favorite_tags","/api/show_goods_favorite_tags/{param}/{param2}/show_goods","GET","bundle","","limit|page",""
"show_goods_favorite_tags","/api/show_goods_favorite_tags/{param}/order","GET|POST","bundle","","order",""
"show_goods_favorite_tags","/api/show_goods_favorite_tags/{param}/tagorder","GET","bundle","","",""
"show_goods_favorite_tags","/api/show_goods_favorite_tags/{show_type}/{param}/tags","DELETE","bundle","","",""
"show_goods_favorite_tags","/api/show_goods_favorite_tags/paper/order","POST","live","","order",""
"show_goods_favorite_tags","/api/show_goods_favorite_tags/paper/tagorder","GET","live","","",""
"show_goods_favorite_tags","/api/show_goods_favorite_tags/rename","POST","bundle","","new_tag|old_tag|show_type",""
"show_goods_favorite_tags","/api/show_goods_favorite_tags/show_goods/{show_goods_id}/{show_goods_id2}","GET","bundle","","",""
"show_goods_favorite_tags","/api/show_goods_favorite_tags/show_goods/{show_goods_id}/{show_goods_id2}/{show_goods_id3}","DELETE","bundle","","",""
"show_goods_favorite_tags","/api/show_goods_favorite_tags/show_type/{param}","GET","bundle","","",""
"show_goods_favorite_tags","/api/show_goods_favorite_tags/show_type/{param}/{param2}","DELETE","bundle","","",""
"show_goods_favorite_tags","/api/show_goods_favorite_tags/state/read","POST","bundle","","state",""
"show_goods_favorites","/api/show_goods_favorites","GET","live","200","","limit|page|search|show_type"
"show_goods_favorites","/api/show_goods_favorites/{param}","DELETE","bundle","","",""
"show_goods_favorites","/api/show_goods_favorites/is_favorite/{param}","GET","bundle","","",""
"show_save_to_records","/api/show_save_to_records","GET","probe","200","limit|page|search|search_area",""
"show_save_to_records","/api/show_save_to_records/count","GET","probe","200","limit|page|search|search_area",""
"shows","/api/shows","DELETE|GET|POST|PUT","probe","200","enableFullTextSearch|include|limit|offset|page|pattern_fragment|preview_for|reverse|search|show_type|sort_by|tag|team_id|to|version",""
"shows","/api/shows/{show_id}","DELETE","bundle","","",""
"shows","/api/shows/by/pattfrag-tags","GET","probe","200","limit|page|show_type|sort_by|team_id",""
"shows","/api/shows/by/tags","GET","probe","200","enableFullTextSearch|limit|offset|page|pattern_fragment|reverse|search|show_type|sort_by|team_id",""
"shows","/api/shows/by/untag","GET","probe","200","enableFullTextSearch|limit|page|pattern_fragment|search|show_type|sort_by|team_id",""
"shows","/api/shows/consume/traffic_package/shows","GET","bundle","","limit|page|team_id",""
"shows","/api/shows/count","GET","live","200","enableFullTextSearch|pattern_fragment|search|show_type|version","show_type|version"
"shows","/api/shows/deleted/shows","GET","live","","enableFullTextSearch|limit|offset|page|search|show_type|version","limit|page|show_type|version"
"shows","/api/shows/from/official","GET","probe","200","",""
"shows","/api/shows/from/official2","GET","probe","200","enableFullTextSearch|limit|page|pattern_fragment|search|show_type|sort_by|version",""
"shows","/api/shows/from/teams","GET","probe","404","enableFullTextSearch|limit|offset|page|pattern_fragment|search|show_type|sort_by|version",""
"shows","/api/shows/from/teams/count","GET","probe","400","pattern_fragment|version",""
"shows","/api/shows/getwxarticledata","POST","bundle","","articleurl|user_sid",""
"shows","/api/shows/importwxarticle","POST","bundle","","articleurl",""
"shows","/api/shows/pattfrag-tags/clear","DELETE","bundle","","team_id",""
"shows","/api/shows/pattfrag-tags/order","GET|POST","probe","200","team_id",""
"shows","/api/shows/pattfrag-tags/rename","POST","bundle","","",""
"shows","/api/shows/recover","GET|POST","bundle","","limit|offset",""
"shows","/api/shows/recover/{param}","POST","bundle","","",""
"shows","/api/shows/send","POST","bundle","","from_show_id|show_id|title_postfix",""
"shows","/api/shows/tags/clear","DELETE|POST","bundle","","team_id",""
"shows","/api/shows/tags/order","GET|POST","probe","200","order|team_id",""
"shows","/api/shows/tags/rename","DELETE|POST","bundle","","new_tag|old_tag",""
"shows","/api/shows/v5","POST","bundle","","from_show_id|g|o",""
"shows","/api/shows/validate/teamshow","GET","probe","404","",""
"sms","/api/sms/auth_action","POST","bundle","","action|code",""
"sms","/api/sms/auth_manual","POST","bundle","","",""
"sms","/api/sms/auth_skip","POST","bundle","","",""
"sms","/api/sms/change_phone","POST","bundle","","area_code|phone",""
"sms","/api/sms/register_user","POST","bundle","","area_code|phone|randstr|ticket",""
"sms","/api/sms/reset_password","POST","bundle","","area_code|phone|randstr|ticket",""
"sms","/api/sms/validate_phone","POST","bundle","","action",""
"statistics","/api/statistics/show","GET","probe","404","count",""
"success","/auth/success","GET","live","","",""
"sys_info","/api/sys_info","GET","live","200","",""
"teams","/api/teams","DELETE|GET|POST|PUT","live","200","auth|desc|display_name|email|enterprise_member|info|member_visibility|right_public_create|role|role_type",""
"teams","/api/teams/sub_account","DELETE|POST|PUT","bundle","","email|password",""
"templates","/api/templates","GET","live","200","keywords|limit|match_level|page|q|sort|tag_category|tag_ids|template_category","limit|match_level|page|q|sort|tag_category|tag_ids|template_category"
"templates","/api/templates/allowed","POST","bundle","","resources",""
"templates","/api/templates/items","GET","live","200","atom_tpl_id","atom_tpl_id"
"templates","/api/templates/tags","GET","probe","400","tag_category|tag_level|tag_name",""
"templates","/api/templates/tags_tree","GET","live","400","tag_category|tag_level_from|tag_level_to|template","tag_category|tag_level_from|tag_level_to|template"
"upload","/api/upload/token","GET","probe","400","team_id|upload_type",""
"upload-cdn","/api/upload-cdn/image/file","POST","bundle","","formData",""
"upload-cdn","/api/upload-cdn/token","POST","bundle","","",""
"user","/api/user/avatar/clear","POST","bundle","","",""
"user","/api/user/blacklist","GET","live","200","",""
"user","/api/user/frozen","POST","bundle","","",""
"user","/api/user/identity","GET|POST","live","200","",""
"user","/api/user/info","GET","live","200","include","include"
"user","/api/user/info/avatar","PUT","bundle","","avatar_url",""
"user","/api/user/info/bind-phone","PUT","bundle","","",""
"user","/api/user/info/coin","GET","live","200","",""
"user","/api/user/info/email","DELETE|PUT","bundle","","code|email",""
"user","/api/user/info/extendlifebycoin","POST","bundle","","coin",""
"user","/api/user/info/invitation","GET","live","200","",""
"user","/api/user/info/nickname","PUT","bundle","","nickname",""
"user","/api/user/info/phone","PUT","bundle","","area_code|clear_email|code|phone",""
"user","/api/user/info/transfercoin","POST","bundle","","area_code|transfer_count|transfer_email",""
"user","/api/user/info/upgradebycoin","POST","bundle","","",""
"user","/api/user/password","PUT","bundle","","email|password",""
"user","/api/user/reset-phone","DELETE|GET|POST","live","200","",""
"user","/api/user/template_membership","GET","live","200","",""
"user","/api/user/template_membership_state","GET","probe","200","",""
"user","/api/user/traffic_package_info","GET","live","200","",""
"user","/api/user/traffic_package_list/for","GET","probe","404","limit",""
"user","/api/user/unbind_apple","POST","bundle","","force",""
"user","/api/user/unbind_qq","POST","bundle","","force",""
"user","/api/user/unbind_wechat","POST","bundle","","force",""
"user","/api/user/unbind_weibo","POST","bundle","","force",""
"user_home","/api/user_home","GET","probe","404","",""
"user_home","/api/user_home/follow","GET|POST","probe","404","",""
"user_home","/api/user_home/followers","GET","probe","200","limit|page",""
"user_home","/api/user_home/my/info","PUT","bundle","","desc|name",""
"user_home","/api/user_home/my/published/exhibits","DELETE|POST","bundle","","show_id",""
"user_home","/api/user_home/my/published/exhibits/orders","POST","bundle","","",""
"user_home","/api/user_home/published/user","GET","probe","404","limit|page",""
"user_home","/api/user_home/published/user/{hash}/exhibits/on_mypage","GET","live","","","limit|page"
"user_home","/api/user_home/published/user/{hash}/info","GET","live","","",""
"user_home","/api/user_home/sold/user","GET","probe","404","access_token|end_date|limit|page_height|page_width|start_date",""
"user_home","/api/user_home/tag","GET","probe","404","",""
"user_home","/api/user_home/tag/add","POST","bundle","","published_shows_id|tag",""
"user_home","/api/user_home/tag/clear/{param}","POST","bundle","","",""
"user_home","/api/user_home/tag/order","GET|POST","live","404","order",""
"user_home","/api/user_home/tag/remove/{param}/{param2}","DELETE","bundle","","",""
"user_home","/api/user_home/tag/rename","DELETE","bundle","","new_tag|old_tag",""
"user_home","/api/user_home/tag/shows/{show_id}/{show_id2}","DELETE","bundle","","limit|page",""
"user_home","/api/user_home/tag/tagorder/{hash}","GET","live","","",""
"user_home","/api/user_home/tag/tagorder/{param}","GET","bundle","","",""
"user_home","/api/user_home/tag/tags/{tag_id}/{tag_id2}","GET","bundle","","",""
"user_setting","/api/user_setting","GET|POST","probe","200","settings",""
"user_setting","/api/user_setting/background","POST","bundle","","background",""
"user_setting","/api/user_setting/palette","GET|POST","probe","200","team_id|user_id",""
"user_setting","/api/user_setting/show-receive-type","POST","bundle","","showReceiveType",""
"user_setting","/api/user_setting/watermark","GET|POST","probe","200","team_id",""
"user_setting","/api/user_setting/watermark-all","GET","probe","200","",""
"wallet","/api/wallet/bills","GET","live","200","limit|page","limit|page"
"wallet","/api/wallet/my/balance","GET","live","200","",""
"wallet","/api/wallet/team_balance","GET","probe","200","limit",""
"wallet","/api/wallet/team/balance","GET","probe","404","",""
"wallet","/api/wallet/team/bills","GET","probe","404","limit|page",""
"wechat","/auth/wechat","","probe","200","",""
"weibo","/auth/weibo","","probe","200","",""