path,methods,module,params,files
"/api/admin/template/meta","POST","admin","","b9de856e7e__edt.xiumius.cn_scripts_app_studio_entries_total_021cc3.main.min.js"
"/api/admin/template/system/tag/drop","GET","admin","","b9de856e7e__edt.xiumius.cn_scripts_app_studio_entries_total_021cc3.main.min.js"
"/api/admin/template/system/tag/new","GET","admin","","b9de856e7e__edt.xiumius.cn_scripts_app_studio_entries_total_021cc3.main.min.js"
"/api/apikey","POST|PATCH|GET|DELETE","apikey","","e950145e3a__edt.xiumius.cn_scripts_app_home_c82df5.index.min.js;e950145e3a13__edt.xiumius.cn_scripts_app_home_c82df5.index.min.js.js"
"/api/assets","DELETE|GET|POST","assets","tag|team_id","b9de856e7e__edt.xiumius.cn_scripts_app_studio_entries_total_021cc3.main.min.js;e950145e3a__edt.xiumius.cn_scripts_app_home_c82df5.index.min.js;fc5bd8c640__xiumius.cn_scripts_app_home_c0e1e8.index.min.js;e950145e3a13__edt.xiumius.cn_scripts_app_home_c82df5.index.min.js.js;xiumius_home_index.js"
"/api/assets/audio/file","GET","assets","audio_file|updateTsIfExisted","b9de856e7e__edt.xiumius.cn_scripts_app_studio_entries_total_021cc3.main.min.js"
"/api/assets/cert/file","DELETE","assets","cert_file|updateTsIfExisted","e950145e3a__edt.xiumius.cn_scripts_app_home_c82df5.index.min.js;fc5bd8c640__xiumius.cn_scripts_app_home_c0e1e8.index.min.js;e950145e3a13__edt.xiumius.cn_scripts_app_home_c82df5.index.min.js.js;xiumius_home_index.js"
"/api/assets/clearimages","POST","assets","","b9de856e7e__edt.xiumius.cn_scripts_app_studio_entries_total_021cc3.main.min.js;e950145e3a__edt.xiumius.cn_scripts_app_home_c82df5.index.min.js;fc5bd8c640__xiumius.cn_scripts_app_home_c0e1e8.index.min.js;e950145e3a13__edt.xiumius.cn_scripts_app_home_c82df5.index.min.js.js;xiumius_home_index.js"
"/api/assets/image/cosobj","POST","assets","object_name|team_id|watermark","b9de856e7e__edt.xiumius.cn_scripts_app_studio_entries_total_021cc3.main.min.js;e950145e3a__edt.xiumius.cn_scripts_app_home_c82df5.index.min.js;fc5bd8c640__xiumius.cn_scripts_app_home_c0e1e8.index.min.js;e950145e3a13__edt.xiumius.cn_scripts_app_home_c82df5.index.min.js.js;xiumius_home_index.js"
"/api/assets/image/data","POST","assets","base64|filename|limit|team_id","b9de856e7e__edt.xiumius.cn_scripts_app_studio_entries_total_021cc3.main.min.js;e950145e3a__edt.xiumius.cn_scripts_app_home_c82df5.index.min.js;fc5bd8c640__xiumius.cn_scripts_app_home_c0e1e8.index.min.js;e950145e3a13__edt.xiumius.cn_scripts_app_home_c82df5.index.min.js.js;xiumius_home_index.js"
"/api/assets/image/file","POST","assets","formData","b9de856e7e__edt.xiumius.cn_scripts_app_studio_entries_total_021cc3.main.min.js;e950145e3a__edt.xiumius.cn_scripts_app_home_c82df5.index.min.js;fc5bd8c640__xiumius.cn_scripts_app_home_c0e1e8.index.min.js;e950145e3a13__edt.xiumius.cn_scripts_app_home_c82df5.index.min.js.js;xiumius_home_index.js"
"/api/assets/image/fromAnyStorage","POST","assets","imagelinks","b9de856e7e__edt.xiumius.cn_scripts_app_studio_entries_total_021cc3.main.min.js"
"/api/assets/image/imagedata","POST","assets","image_data|team_id","b9de856e7e__edt.xiumius.cn_scripts_app_studio_entries_total_021cc3.main.min.js;e950145e3a__edt.xiumius.cn_scripts_app_home_c82df5.index.min.js;fc5bd8c640__xiumius.cn_scripts_app_home_c0e1e8.index.min.js;e950145e3a13__edt.xiumius.cn_scripts_app_home_c82df5.index.min.js.js;xiumius_home_index.js"
"/api/assets/image/outlink","POST","assets","image_url|team_id|updateTsIfExisted","b9de856e7e__edt.xiumius.cn_scripts_app_studio_entries_total_021cc3.main.min.js;e950145e3a__edt.xiumius.cn_scripts_app_home_c82df5.index.min.js;fc5bd8c640__xiumius.cn_scripts_app_home_c0e1e8.index.min.js;e950145e3a13__edt.xiumius.cn_scripts_app_home_c82df5.index.min.js.js;xiumius_home_index.js"
"/api/assets/image/qqmap","POST","assets","lat|lng|team_id","b9de856e7e__edt.xiumius.cn_scripts_app_studio_entries_total_021cc3.main.min.js;e950145e3a__edt.xiumius.cn_scripts_app_home_c82df5.index.min.js;fc5bd8c640__xiumius.cn_scripts_app_home_c0e1e8.index.min.js;e950145e3a13__edt.xiumius.cn_scripts_app_home_c82df5.index.min.js.js;xiumius_home_index.js"
"/api/assets/image/svgContent","POST","assets","","b9de856e7e__edt.xiumius.cn_scripts_app_studio_entries_total_021cc3.main.min.js"
"/api/assets/image/wxlink","POST","assets","fileNames|imagelinks|tag|team_id","b9de856e7e__edt.xiumius.cn_scripts_app_studio_entries_total_021cc3.main.min.js;e950145e3a__edt.xiumius.cn_scripts_app_home_c82df5.index.min.js;fc5bd8c640__xiumius.cn_scripts_app_home_c0e1e8.index.min.js;e950145e3a13__edt.xiumius.cn_scripts_app_home_c82df5.index.min.js.js;xiumius_home_index.js"
"/api/assets/list/audio","GET","assets","","b9de856e7e__edt.xiumius.cn_scripts_app_studio_entries_total_021cc3.main.min.js"
"/api/assets/list/image","GET","assets","limit|offset|search|team_id","b9de856e7e__edt.xiumius.cn_scripts_app_studio_entries_total_021cc3.main.min.js;e950145e3a__edt.xiumius.cn_scripts_app_home_c82df5.index.min.js;fc5bd8c640__xiumius.cn_scripts_app_home_c0e1e8.index.min.js;e950145e3a13__edt.xiumius.cn_scripts_app_home_c82df5.index.min.js.js;xiumius_home_index.js"
"/api/assets/list/image/count","GET","assets","limit|offset|team_id","b9de856e7e__edt.xiumius.cn_scripts_app_studio_entries_total_021cc3.main.min.js;e950145e3a__edt.xiumius.cn_scripts_app_home_c82df5.index.min.js;fc5bd8c640__xiumius.cn_scripts_app_home_c0e1e8.index.min.js;e950145e3a13__edt.xiumius.cn_scripts_app_home_c82df5.index.min.js.js;xiumius_home_index.js"
"/api/assets/list/image/used","GET","assets","limit|offset|team_id","b9de856e7e__edt.xiumius.cn_scripts_app_studio_entries_total_021cc3.main.min.js;e950145e3a__edt.xiumius.cn_scripts_app_home_c82df5.index.min.js;fc5bd8c640__xiumius.cn_scripts_app_home_c0e1e8.index.min.js;e950145e3a13__edt.xiumius.cn_scripts_app_home_c82df5.index.min.js.js;xiumius_home_index.js"
"/api/assets/list/video","GET","assets","limit|offset|team_id","b9de856e7e__edt.xiumius.cn_scripts_app_studio_entries_total_021cc3.main.min.js"
"/api/assets/list/video/count","GET","assets","team_id","b9de856e7e__edt.xiumius.cn_scripts_app_studio_entries_total_021cc3.main.min.js"
"/api/assets/list/video/used","GET","assets","team_id","b9de856e7e__edt.xiumius.cn_scripts_app_studio_entries_total_021cc3.main.min.js"
"/api/assets/psd/file","","assets","layout|psd_file|text2image","b9de856e7e__edt.xiumius.cn_scripts_app_studio_entries_total_021cc3.main.min.js"
"/api/assets/tagsset","POST","assets","tags_set","b9de856e7e__edt.xiumius.cn_scripts_app_studio_entries_total_021cc3.main.min.js;e950145e3a__edt.xiumius.cn_scripts_app_home_c82df5.index.min.js;e950145e3a13__edt.xiumius.cn_scripts_app_home_c82df5.index.min.js.js"
"/api/assets/type/image/tag","DELETE","assets","team_id","b9de856e7e__edt.xiumius.cn_scripts_app_studio_entries_total_021cc3.main.min.js;e950145e3a__edt.xiumius.cn_scripts_app_home_c82df5.index.min.js;fc5bd8c640__xiumius.cn_scripts_app_home_c0e1e8.index.min.js;e950145e3a13__edt.xiumius.cn_scripts_app_home_c82df5.index.min.js.js;xiumius_home_index.js"
"/api/assets/type/image/tag/assets","GET","assets","limit|offset|tag|team_id","b9de856e7e__edt.xiumius.cn_scripts_app_studio_entries_total_021cc3.main.min.js;e950145e3a__edt.xiumius.cn_scripts_app_home_c82df5.index.min.js;fc5bd8c640__xiumius.cn_scripts_app_home_c0e1e8.index.min.js;e950145e3a13__edt.xiumius.cn_scripts_app_home_c82df5.index.min.js.js;xiumius_home_index.js"
"/api/assets/type/image/tag/rename","POST","assets","new_tag|old_tag|team_id","b9de856e7e__edt.xiumius.cn_scripts_app_studio_entries_total_021cc3.main.min.js;e950145e3a__edt.xiumius.cn_scripts_app_home_c82df5.index.min.js;fc5bd8c640__xiumius.cn_scripts_app_home_c0e1e8.index.min.js;e950145e3a13__edt.xiumius.cn_scripts_app_home_c82df5.index.min.js.js;xiumius_home_index.js"
"/api/assets/type/image/tags","DELETE|POST|GET","assets","team_id","b9de856e7e__edt.xiumius.cn_scripts_app_studio_entries_total_021cc3.main.min.js;e950145e3a__edt.xiumius.cn_scripts_app_home_c82df5.index.min.js;fc5bd8c640__xiumius.cn_scripts_app_home_c0e1e8.index.min.js;e950145e3a13__edt.xiumius.cn_scripts_app_home_c82df5.index.min.js.js;xiumius_home_index.js"
"/api/assets/type/image/tagsorder","GET|POST","assets","order|team_id","b9de856e7e__edt.xiumius.cn_scripts_app_studio_entries_total_021cc3.main.min.js;e950145e3a__edt.xiumius.cn_scripts_app_home_c82df5.index.min.js;fc5bd8c640__xiumius.cn_scripts_app_home_c0e1e8.index.min.js;e950145e3a13__edt.xiumius.cn_scripts_app_home_c82df5.index.min.js.js;xiumius_home_index.js"
"/api/assets/type/image/untags","GET","assets","limit|offset|tag|team_id","b9de856e7e__edt.xiumius.cn_scripts_app_studio_entries_total_021cc3.main.min.js;e950145e3a__edt.xiumius.cn_scripts_app_home_c82df5.index.min.js;fc5bd8c640__xiumius.cn_scripts_app_home_c0e1e8.index.min.js;e950145e3a13__edt.xiumius.cn_scripts_app_home_c82df5.index.min.js.js;xiumius_home_index.js"
"/api/assets/type/image/untags/clearimages","DELETE","assets","limit|team_id","b9de856e7e__edt.xiumius.cn_scripts_app_studio_entries_total_021cc3.main.min.js;e950145e3a__edt.xiumius.cn_scripts_app_home_c82df5.index.min.js;fc5bd8c640__xiumius.cn_scripts_app_home_c0e1e8.index.min.js;e950145e3a13__edt.xiumius.cn_scripts_app_home_c82df5.index.min.js.js;xiumius_home_index.js"
"/api/assets/video/cosobj","POST","assets","object_name|team_id|updateTsIfExisted","b9de856e7e__edt.xiumius.cn_scripts_app_studio_entries_total_021cc3.main.min.js"
"/api/assets/video/file","POST","assets","formData","b9de856e7e__edt.xiumius.cn_scripts_app_studio_entries_total_021cc3.main.min.js"
"/api/assets/video/ossobj","POST","assets","object_name|team_id|updateTsIfExisted","b9de856e7e__edt.xiumius.cn_scripts_app_studio_entries_total_021cc3.main.min.js"
"/api/audio/audio_list","GET","audio","","b9de856e7e__edt.xiumius.cn_scripts_app_studio_entries_total_021cc3.main.min.js"
"/api/audio/category_list","GET","audio","","b9de856e7e__edt.xiumius.cn_scripts_app_studio_entries_total_021cc3.main.min.js"
"/api/audio/source_list","GET","audio","","b9de856e7e__edt.xiumius.cn_scripts_app_studio_entries_total_021cc3.main.min.js"
"/api/auth/email/reset_password","POST","auth","code|email|password","001c3aa82e__edt.xiumius.cn_scripts_app_auth_d4a63b.index.min.js;001c3aa82e37__edt.xiumius.cn_scripts_app_auth_d4a63b.index.min.js.js;edt_auth_index.js"
"/api/auth/login-captcha","GET","auth","area_code|username","001c3aa82e__edt.xiumius.cn_scripts_app_auth_d4a63b.index.min.js;001c3aa82e37__edt.xiumius.cn_scripts_app_auth_d4a63b.index.min.js.js;edt_auth_index.js"
"/api/auth/partner/ownerpartnerapp","GET","auth","unique_uid","b9de856e7e__edt.xiumius.cn_scripts_app_studio_entries_total_021cc3.main.min.js;e950145e3a__edt.xiumius.cn_scripts_app_home_c82df5.index.min.js;fc5bd8c640__xiumius.cn_scripts_app_home_c0e1e8.index.min.js;e950145e3a13__edt.xiumius.cn_scripts_app_home_c82df5.index.min.js.js;xiumius_home_index.js"
"/api/auth/partner/partnerapp","POST|PUT|DELETE","auth","","b9de856e7e__edt.xiumius.cn_scripts_app_studio_entries_total_021cc3.main.min.js;e950145e3a__edt.xiumius.cn_scripts_app_home_c82df5.index.min.js;fc5bd8c640__xiumius.cn_scripts_app_home_c0e1e8.index.min.js;e950145e3a13__edt.xiumius.cn_scripts_app_home_c82df5.index.min.js.js;xiumius_home_index.js"
"/api/auth/partner/partnerapp/applications","GET","auth","unique_uid","b9de856e7e__edt.xiumius.cn_scripts_app_studio_entries_total_021cc3.main.min.js;e950145e3a__edt.xiumius.cn_scripts_app_home_c82df5.index.min.js;fc5bd8c640__xiumius.cn_scripts_app_home_c0e1e8.index.min.js;e950145e3a13__edt.xiumius.cn_scripts_app_home_c82df5.index.min.js.js;xiumius_home_index.js"
"/api/auth/partner/partnerapp/ownerpartnerapp","GET","auth","unique_uid","b9de856e7e__edt.xiumius.cn_scripts_app_studio_entries_total_021cc3.main.min.js;e950145e3a__edt.xiumius.cn_scripts_app_home_c82df5.index.min.js;fc5bd8c640__xiumius.cn_scripts_app_home_c0e1e8.index.min.js;e950145e3a13__edt.xiumius.cn_scripts_app_home_c82df5.index.min.js.js;xiumius_home_index.js"
"/api/auth/partner/partnerapp/ownerunbind","DELETE","auth","e","b9de856e7e__edt.xiumius.cn_scripts_app_studio_entries_total_021cc3.main.min.js;e950145e3a__edt.xiumius.cn_scripts_app_home_c82df5.index.min.js;e950145e3a13__edt.xiumius.cn_scripts_app_home_c82df5.index.min.js.js"
"/api/auth/partner/partnerapp/resetsecret","PUT","auth","","b9de856e7e__edt.xiumius.cn_scripts_app_studio_entries_total_021cc3.main.min.js;e950145e3a__edt.xiumius.cn_scripts_app_home_c82df5.index.min.js;fc5bd8c640__xiumius.cn_scripts_app_home_c0e1e8.index.min.js;e950145e3a13__edt.xiumius.cn_scripts_app_home_c82df5.index.min.js.js;xiumius_home_index.js"
"/api/auth/partner/partnerapp/unbind","DELETE","auth","e|unique_uid","b9de856e7e__edt.xiumius.cn_scripts_app_studio_entries_total_021cc3.main.min.js;e950145e3a__edt.xiumius.cn_scripts_app_home_c82df5.index.min.js;fc5bd8c640__xiumius.cn_scripts_app_home_c0e1e8.index.min.js;e950145e3a13__edt.xiumius.cn_scripts_app_home_c82df5.index.min.js.js;xiumius_home_index.js"
"/api/auth/partner/partnerappbind","GET","auth","","001c3aa82e__edt.xiumius.cn_scripts_app_auth_d4a63b.index.min.js;001c3aa82e37__edt.xiumius.cn_scripts_app_auth_d4a63b.index.min.js.js;edt_auth_index.js"
"/api/auth/partner/partnerappbindlist","GET","auth","unique_uid","b9de856e7e__edt.xiumius.cn_scripts_app_studio_entries_total_021cc3.main.min.js;e950145e3a__edt.xiumius.cn_scripts_app_home_c82df5.index.min.js;fc5bd8c640__xiumius.cn_scripts_app_home_c0e1e8.index.min.js;e950145e3a13__edt.xiumius.cn_scripts_app_home_c82df5.index.min.js.js;xiumius_home_index.js"
"/api/auth/partner/partnerbind","GET","auth","","fc5bd8c640__xiumius.cn_scripts_app_home_c0e1e8.index.min.js;xiumius_home_index.js"
"/api/auth/partnerinfo","GET","auth","","b9de856e7e__edt.xiumius.cn_scripts_app_studio_entries_total_021cc3.main.min.js"
"/api/auth/register_phone","POST","auth","","001c3aa82e__edt.xiumius.cn_scripts_app_auth_d4a63b.index.min.js;001c3aa82e37__edt.xiumius.cn_scripts_app_auth_d4a63b.index.min.js.js;edt_auth_index.js"
"/api/auth/reset_password","POST","auth","area_code|code|password|phone","001c3aa82e__edt.xiumius.cn_scripts_app_auth_d4a63b.index.min.js;001c3aa82e37__edt.xiumius.cn_scripts_app_auth_d4a63b.index.min.js.js;edt_auth_index.js"
"/api/comments","GET|DELETE","comments","ver","b9de856e7e__edt.xiumius.cn_scripts_app_studio_entries_total_021cc3.main.min.js"
"/api/comments/rights","GET","comments","","b9de856e7e__edt.xiumius.cn_scripts_app_studio_entries_total_021cc3.main.min.js"
"/api/comments/rights/team","POST","comments","team_id|team_name|ts","b9de856e7e__edt.xiumius.cn_scripts_app_studio_entries_total_021cc3.main.min.js"
"/api/comments/rights/trash/team","POST","comments","team_id","b9de856e7e__edt.xiumius.cn_scripts_app_studio_entries_total_021cc3.main.min.js"
"/api/comments/rights/trash/user","POST","comments","area_code|email|phone","b9de856e7e__edt.xiumius.cn_scripts_app_studio_entries_total_021cc3.main.min.js"
"/api/comments/rights/user","POST","comments","area_code|email|name|phone|ts","b9de856e7e__edt.xiumius.cn_scripts_app_studio_entries_total_021cc3.main.min.js"
"/api/comments/share/token","GET","comments","","b9de856e7e__edt.xiumius.cn_scripts_app_studio_entries_total_021cc3.main.min.js"
"/api/contacts","DELETE","contacts","","e950145e3a__edt.xiumius.cn_scripts_app_home_c82df5.index.min.js;fc5bd8c640__xiumius.cn_scripts_app_home_c0e1e8.index.min.js;e950145e3a13__edt.xiumius.cn_scripts_app_home_c82df5.index.min.js.js;xiumius_home_index.js"
"/api/contacts/add","POST","contacts","condition|nickname|r|t","e950145e3a__edt.xiumius.cn_scripts_app_home_c82df5.index.min.js;fc5bd8c640__xiumius.cn_scripts_app_home_c0e1e8.index.min.js;e950145e3a13__edt.xiumius.cn_scripts_app_home_c82df5.index.min.js.js;xiumius_home_index.js"
"/api/contacts/list","GET","contacts","limit|reverse","b9de856e7e__edt.xiumius.cn_scripts_app_studio_entries_total_021cc3.main.min.js;e950145e3a__edt.xiumius.cn_scripts_app_home_c82df5.index.min.js;fc5bd8c640__xiumius.cn_scripts_app_home_c0e1e8.index.min.js;e950145e3a13__edt.xiumius.cn_scripts_app_home_c82df5.index.min.js.js;xiumius_home_index.js"
"/api/contacts/update","POST","contacts","condition|contacts_id|nickname","e950145e3a__edt.xiumius.cn_scripts_app_home_c82df5.index.min.js;fc5bd8c640__xiumius.cn_scripts_app_home_c0e1e8.index.min.js;e950145e3a13__edt.xiumius.cn_scripts_app_home_c82df5.index.min.js.js;xiumius_home_index.js"
"/api/custom_domains","POST|PUT|GET|DELETE","custom_domains","cert_url|domain_name|key_url|team_id","e950145e3a__edt.xiumius.cn_scripts_app_home_c82df5.index.min.js;fc5bd8c640__xiumius.cn_scripts_app_home_c0e1e8.index.min.js;e950145e3a13__edt.xiumius.cn_scripts_app_home_c82df5.index.min.js.js;xiumius_home_index.js"
"/api/custom_domains/for/show","GET","custom_domains","","b9de856e7e__edt.xiumius.cn_scripts_app_studio_entries_total_021cc3.main.min.js;e950145e3a__edt.xiumius.cn_scripts_app_home_c82df5.index.min.js;fc5bd8c640__xiumius.cn_scripts_app_home_c0e1e8.index.min.js;e950145e3a13__edt.xiumius.cn_scripts_app_home_c82df5.index.min.js.js;xiumius_home_index.js"
"/api/email/auth","POST","email","","fc5bd8c640__xiumius.cn_scripts_app_home_c0e1e8.index.min.js;xiumius_home_index.js"
"/api/email/auth_action","POST","email","action|code","b9de856e7e__edt.xiumius.cn_scripts_app_studio_entries_total_021cc3.main.min.js;e950145e3a__edt.xiumius.cn_scripts_app_home_c82df5.index.min.js;e950145e3a13__edt.xiumius.cn_scripts_app_home_c82df5.index.min.js.js"
"/api/email/change_email","POST","email","email","b9de856e7e__edt.xiumius.cn_scripts_app_studio_entries_total_021cc3.main.min.js;e950145e3a__edt.xiumius.cn_scripts_app_home_c82df5.index.min.js;fc5bd8c640__xiumius.cn_scripts_app_home_c0e1e8.index.min.js;e950145e3a13__edt.xiumius.cn_scripts_app_home_c82df5.index.min.js.js;xiumius_home_index.js"
"/api/email/reset_password","POST","email","email|randstr|ticket","001c3aa82e__edt.xiumius.cn_scripts_app_auth_d4a63b.index.min.js;001c3aa82e37__edt.xiumius.cn_scripts_app_auth_d4a63b.index.min.js.js;edt_auth_index.js"
"/api/email/validate_email","POST","email","action","b9de856e7e__edt.xiumius.cn_scripts_app_studio_entries_total_021cc3.main.min.js;e950145e3a__edt.xiumius.cn_scripts_app_home_c82df5.index.min.js;fc5bd8c640__xiumius.cn_scripts_app_home_c0e1e8.index.min.js;e950145e3a13__edt.xiumius.cn_scripts_app_home_c82df5.index.min.js.js;xiumius_home_index.js"
"/api/fonts/youziku/get_batch_woff_font_face","","fonts","","b9de856e7e__edt.xiumius.cn_scripts_app_studio_entries_total_021cc3.main.min.js"
"/api/forms","GET","forms","page|per_page","e950145e3a__edt.xiumius.cn_scripts_app_home_c82df5.index.min.js;fc5bd8c640__xiumius.cn_scripts_app_home_c0e1e8.index.min.js;e950145e3a13__edt.xiumius.cn_scripts_app_home_c82df5.index.min.js.js;xiumius_home_index.js"
"/api/forms/count","PUT|GET|DELETE","forms","","e950145e3a__edt.xiumius.cn_scripts_app_home_c82df5.index.min.js;fc5bd8c640__xiumius.cn_scripts_app_home_c0e1e8.index.min.js;e950145e3a13__edt.xiumius.cn_scripts_app_home_c82df5.index.min.js.js;xiumius_home_index.js"
"/api/forms/data/forshow","DELETE|GET","forms","","e950145e3a__edt.xiumius.cn_scripts_app_home_c82df5.index.min.js;fc5bd8c640__xiumius.cn_scripts_app_home_c0e1e8.index.min.js;e950145e3a13__edt.xiumius.cn_scripts_app_home_c82df5.index.min.js.js;xiumius_home_index.js"
"/api/forms/excel","GET","forms","","fc5bd8c640__xiumius.cn_scripts_app_home_c0e1e8.index.min.js;xiumius_home_index.js"
"/api/forms/export","GET","forms","export_all|export_type|file_type|per_page","e950145e3a__edt.xiumius.cn_scripts_app_home_c82df5.index.min.js;e950145e3a13__edt.xiumius.cn_scripts_app_home_c82df5.index.min.js.js"
"/api/forms/query/export","GET","forms","","e950145e3a__edt.xiumius.cn_scripts_app_home_c82df5.index.min.js;e950145e3a13__edt.xiumius.cn_scripts_app_home_c82df5.index.min.js.js"
"/api/fragment","DELETE","fragment","","b9de856e7e__edt.xiumius.cn_scripts_app_studio_entries_total_021cc3.main.min.js"
"/api/fragments","POST","fragments","","b9de856e7e__edt.xiumius.cn_scripts_app_studio_entries_total_021cc3.main.min.js"
"/api/fragments/up","POST","fragments","","b9de856e7e__edt.xiumius.cn_scripts_app_studio_entries_total_021cc3.main.min.js"
"/api/fragments/used","GET","fragments","team_id","b9de856e7e__edt.xiumius.cn_scripts_app_studio_entries_total_021cc3.main.min.js"
"/api/fragments/v5","GET|DELETE|POST","fragments","limit|new_tag|offset|old_tag|order|tag|team_id","b9de856e7e__edt.xiumius.cn_scripts_app_studio_entries_total_021cc3.main.min.js"
"/api/help","DELETE","help","","b9de856e7e__edt.xiumius.cn_scripts_app_studio_entries_total_021cc3.main.min.js"
"/api/help/add","POST","help","doc_type|key|overwrite|recursive","b9de856e7e__edt.xiumius.cn_scripts_app_studio_entries_total_021cc3.main.min.js"
"/api/help/check","DELETE","help","","b9de856e7e__edt.xiumius.cn_scripts_app_studio_entries_total_021cc3.main.min.js"
"/api/help/recommended","DELETE|POST","help","type","b9de856e7e__edt.xiumius.cn_scripts_app_studio_entries_total_021cc3.main.min.js"
"/api/help/search","GET","help","key|limit|nostat|offset|type","b9de856e7e__edt.xiumius.cn_scripts_app_studio_entries_total_021cc3.main.min.js"
"/api/home_slogans","GET","home_slogans","","e950145e3a__edt.xiumius.cn_scripts_app_home_c82df5.index.min.js;fc5bd8c640__xiumius.cn_scripts_app_home_c0e1e8.index.min.js;e950145e3a13__edt.xiumius.cn_scripts_app_home_c82df5.index.min.js.js;xiumius_home_index.js"
"/api/htmlCode/verify","POST","htmlCode","html","b9de856e7e__edt.xiumius.cn_scripts_app_studio_entries_total_021cc3.main.min.js"
"/api/invitation","GET","invitation","","e950145e3a__edt.xiumius.cn_scripts_app_home_c82df5.index.min.js;fc5bd8c640__xiumius.cn_scripts_app_home_c0e1e8.index.min.js;e950145e3a13__edt.xiumius.cn_scripts_app_home_c82df5.index.min.js.js;xiumius_home_index.js"
"/api/invoices","GET|PUT|POST|DELETE","invoices","include|limit|offset|orderBy","e950145e3a__edt.xiumius.cn_scripts_app_home_c82df5.index.min.js;fc5bd8c640__xiumius.cn_scripts_app_home_c0e1e8.index.min.js;e950145e3a13__edt.xiumius.cn_scripts_app_home_c82df5.index.min.js.js;xiumius_home_index.js"
"/api/invoices/available","GET","invoices","include","e950145e3a__edt.xiumius.cn_scripts_app_home_c82df5.index.min.js;fc5bd8c640__xiumius.cn_scripts_app_home_c0e1e8.index.min.js;e950145e3a13__edt.xiumius.cn_scripts_app_home_c82df5.index.min.js.js;xiumius_home_index.js"
"/api/invoices/count","GET","invoices","limit|offset|orderBy","e950145e3a__edt.xiumius.cn_scripts_app_home_c82df5.index.min.js;fc5bd8c640__xiumius.cn_scripts_app_home_c0e1e8.index.min.js;e950145e3a13__edt.xiumius.cn_scripts_app_home_c82df5.index.min.js.js;xiumius_home_index.js"
"/api/invoices/lastinvoice","GET","invoices","","e950145e3a__edt.xiumius.cn_scripts_app_home_c82df5.index.min.js;fc5bd8c640__xiumius.cn_scripts_app_home_c0e1e8.index.min.js;e950145e3a13__edt.xiumius.cn_scripts_app_home_c82df5.index.min.js.js;xiumius_home_index.js"
"/api/invoices/list","GET","invoices","limit|offset|orderBy","fc5bd8c640__xiumius.cn_scripts_app_home_c0e1e8.index.min.js;xiumius_home_index.js"
"/api/invoices/require","POST","invoices","","fc5bd8c640__xiumius.cn_scripts_app_home_c0e1e8.index.min.js;xiumius_home_index.js"
"/api/invoices/revoke","DELETE","invoices","","fc5bd8c640__xiumius.cn_scripts_app_home_c0e1e8.index.min.js;xiumius_home_index.js"
"/api/issues","POST","issues","report_data","b9de856e7e__edt.xiumius.cn_scripts_app_studio_entries_total_021cc3.main.min.js"
"/api/login_history","GET","login_history","","e950145e3a__edt.xiumius.cn_scripts_app_home_c82df5.index.min.js;fc5bd8c640__xiumius.cn_scripts_app_home_c0e1e8.index.min.js;e950145e3a13__edt.xiumius.cn_scripts_app_home_c82df5.index.min.js.js;xiumius_home_index.js"
"/api/messages","GET|POST","messages","limit|page|state","b9de856e7e__edt.xiumius.cn_scripts_app_studio_entries_total_021cc3.main.min.js;e950145e3a__edt.xiumius.cn_scripts_app_home_c82df5.index.min.js;fc5bd8c640__xiumius.cn_scripts_app_home_c0e1e8.index.min.js;e950145e3a13__edt.xiumius.cn_scripts_app_home_c82df5.index.min.js.js;xiumius_home_index.js"
"/api/messages/mute_be_saved_to","POST","messages","","e950145e3a__edt.xiumius.cn_scripts_app_home_c82df5.index.min.js;fc5bd8c640__xiumius.cn_scripts_app_home_c0e1e8.index.min.js;e950145e3a13__edt.xiumius.cn_scripts_app_home_c82df5.index.min.js.js;xiumius_home_index.js"
"/api/messages/mute_invitation","POST","messages","","e950145e3a__edt.xiumius.cn_scripts_app_home_c82df5.index.min.js;fc5bd8c640__xiumius.cn_scripts_app_home_c0e1e8.index.min.js;e950145e3a13__edt.xiumius.cn_scripts_app_home_c82df5.index.min.js.js;xiumius_home_index.js"
"/api/messages/mute_new_show","GET","messages","","e950145e3a__edt.xiumius.cn_scripts_app_home_c82df5.index.min.js;fc5bd8c640__xiumius.cn_scripts_app_home_c0e1e8.index.min.js;e950145e3a13__edt.xiumius.cn_scripts_app_home_c82df5.index.min.js.js;xiumius_home_index.js"
"/api/messages/setting/mute_be_saved_to","POST","messages","","e950145e3a__edt.xiumius.cn_scripts_app_home_c82df5.index.min.js;fc5bd8c640__xiumius.cn_scripts_app_home_c0e1e8.index.min.js;e950145e3a13__edt.xiumius.cn_scripts_app_home_c82df5.index.min.js.js;xiumius_home_index.js"
"/api/messages/setting/mute_invitation","POST","messages","","e950145e3a__edt.xiumius.cn_scripts_app_home_c82df5.index.min.js;fc5bd8c640__xiumius.cn_scripts_app_home_c0e1e8.index.min.js;e950145e3a13__edt.xiumius.cn_scripts_app_home_c82df5.index.min.js.js;xiumius_home_index.js"
"/api/messages/setting/mute_new_show","POST","messages","","e950145e3a__edt.xiumius.cn_scripts_app_home_c82df5.index.min.js;fc5bd8c640__xiumius.cn_scripts_app_home_c0e1e8.index.min.js;e950145e3a13__edt.xiumius.cn_scripts_app_home_c82df5.index.min.js.js;xiumius_home_index.js"
"/api/messages/settings","GET","messages","","e950145e3a__edt.xiumius.cn_scripts_app_home_c82df5.index.min.js;fc5bd8c640__xiumius.cn_scripts_app_home_c0e1e8.index.min.js;e950145e3a13__edt.xiumius.cn_scripts_app_home_c82df5.index.min.js.js;xiumius_home_index.js"
"/api/messages/status","GET","messages","","b9de856e7e__edt.xiumius.cn_scripts_app_studio_entries_total_021cc3.main.min.js;e950145e3a__edt.xiumius.cn_scripts_app_home_c82df5.index.min.js;fc5bd8c640__xiumius.cn_scripts_app_home_c0e1e8.index.min.js;e950145e3a13__edt.xiumius.cn_scripts_app_home_c82df5.index.min.js.js;xiumius_home_index.js"
"/api/nlp/extract_headings","POST","nlp","textElements","b9de856e7e__edt.xiumius.cn_scripts_app_studio_entries_total_021cc3.main.min.js"
"/api/nlp/extract_headings2","GET","nlp","","b9de856e7e__edt.xiumius.cn_scripts_app_studio_entries_total_021cc3.main.min.js"
"/api/nlp/extract_headings2/tasks/{param}","GET","nlp","","b9de856e7e__edt.xiumius.cn_scripts_app_studio_entries_total_021cc3.main.min.js"
"/api/nlp/extract_headings2/word/{param}","","nlp","","b9de856e7e__edt.xiumius.cn_scripts_app_studio_entries_total_021cc3.main.min.js"
"/api/notify","GET","notify","","b9de856e7e__edt.xiumius.cn_scripts_app_studio_entries_total_021cc3.main.min.js;e950145e3a__edt.xiumius.cn_scripts_app_home_c82df5.index.min.js;fc5bd8c640__xiumius.cn_scripts_app_home_c0e1e8.index.min.js;e950145e3a13__edt.xiumius.cn_scripts_app_home_c82df5.index.min.js.js;xiumius_home_index.js"
"/api/orders","GET|POST","orders","limit|offset","e950145e3a__edt.xiumius.cn_scripts_app_home_c82df5.index.min.js;fc5bd8c640__xiumius.cn_scripts_app_home_c0e1e8.index.min.js;e950145e3a13__edt.xiumius.cn_scripts_app_home_c82df5.index.min.js.js;xiumius_home_index.js"
"/api/orders/for/create_order","GET","orders","","e950145e3a__edt.xiumius.cn_scripts_app_home_c82df5.index.min.js;e950145e3a13__edt.xiumius.cn_scripts_app_home_c82df5.index.min.js.js"
"/api/orders/for/enterprise_team","POST|GET","orders","amount|day_count|member_count","e950145e3a__edt.xiumius.cn_scripts_app_home_c82df5.index.min.js;fc5bd8c640__xiumius.cn_scripts_app_home_c0e1e8.index.min.js;e950145e3a13__edt.xiumius.cn_scripts_app_home_c82df5.index.min.js.js;xiumius_home_index.js"
"/api/orders/for/order_pay","POST","orders","order_id|pay_type","e950145e3a__edt.xiumius.cn_scripts_app_home_c82df5.index.min.js;fc5bd8c640__xiumius.cn_scripts_app_home_c0e1e8.index.min.js;e950145e3a13__edt.xiumius.cn_scripts_app_home_c82df5.index.min.js.js;xiumius_home_index.js"
"/api/orders/for/show_goods","POST","orders","show_goods_id|special_offer|use_wallet","e950145e3a__edt.xiumius.cn_scripts_app_home_c82df5.index.min.js;fc5bd8c640__xiumius.cn_scripts_app_home_c0e1e8.index.min.js;e950145e3a13__edt.xiumius.cn_scripts_app_home_c82df5.index.min.js.js;xiumius_home_index.js"
"/api/orders/for/special_offer","GET","orders","","e950145e3a__edt.xiumius.cn_scripts_app_home_c82df5.index.min.js;fc5bd8c640__xiumius.cn_scripts_app_home_c0e1e8.index.min.js;e950145e3a13__edt.xiumius.cn_scripts_app_home_c82df5.index.min.js.js;xiumius_home_index.js"
"/api/orders/for/team_wallet","GET","orders","limit|offset","e950145e3a__edt.xiumius.cn_scripts_app_home_c82df5.index.min.js;e950145e3a13__edt.xiumius.cn_scripts_app_home_c82df5.index.min.js.js"
"/api/orders/for/team_wallet_detail","GET","orders","offset","e950145e3a__edt.xiumius.cn_scripts_app_home_c82df5.index.min.js;e950145e3a13__edt.xiumius.cn_scripts_app_home_c82df5.index.min.js.js"
"/api/orders/for/team_wallet_transfer","POST","orders","member_id|team_id|transferAmount","e950145e3a__edt.xiumius.cn_scripts_app_home_c82df5.index.min.js;e950145e3a13__edt.xiumius.cn_scripts_app_home_c82df5.index.min.js.js"
"/api/orders/for/tpl_show_goods","POST","orders","show_goods_id","e950145e3a__edt.xiumius.cn_scripts_app_home_c82df5.index.min.js;fc5bd8c640__xiumius.cn_scripts_app_home_c0e1e8.index.min.js;e950145e3a13__edt.xiumius.cn_scripts_app_home_c82df5.index.min.js.js;xiumius_home_index.js"
"/api/orders/for/wallet_recharge","POST","orders","amount|offset|pay_type|team_id","e950145e3a__edt.xiumius.cn_scripts_app_home_c82df5.index.min.js;fc5bd8c640__xiumius.cn_scripts_app_home_c0e1e8.index.min.js;e950145e3a13__edt.xiumius.cn_scripts_app_home_c82df5.index.min.js.js;xiumius_home_index.js"
"/api/orders/for/wallet_redeem","POST","orders","redeemCode","e950145e3a__edt.xiumius.cn_scripts_app_home_c82df5.index.min.js;fc5bd8c640__xiumius.cn_scripts_app_home_c0e1e8.index.min.js;e950145e3a13__edt.xiumius.cn_scripts_app_home_c82df5.index.min.js.js;xiumius_home_index.js"
"/api/orders/for/wallet_transfer","POST","orders","area_code|limit|transferAmount|transferTargetCondition","e950145e3a__edt.xiumius.cn_scripts_app_home_c82df5.index.min.js;fc5bd8c640__xiumius.cn_scripts_app_home_c0e1e8.index.min.js;e950145e3a13__edt.xiumius.cn_scripts_app_home_c82df5.index.min.js.js;xiumius_home_index.js"
"/api/orders/for/withdraw_cash","POST","orders","amount","e950145e3a__edt.xiumius.cn_scripts_app_home_c82df5.index.min.js;fc5bd8c640__xiumius.cn_scripts_app_home_c0e1e8.index.min.js;e950145e3a13__edt.xiumius.cn_scripts_app_home_c82df5.index.min.js.js;xiumius_home_index.js"
"/api/orders/tariff/for/enterprise_team","GET","orders","upgrade_type","e950145e3a__edt.xiumius.cn_scripts_app_home_c82df5.index.min.js;fc5bd8c640__xiumius.cn_scripts_app_home_c0e1e8.index.min.js;e950145e3a13__edt.xiumius.cn_scripts_app_home_c82df5.index.min.js.js;xiumius_home_index.js"
"/api/orders/tariff/for/level/upgrading","GET","orders","email|team_id","e950145e3a__edt.xiumius.cn_scripts_app_home_c82df5.index.min.js;fc5bd8c640__xiumius.cn_scripts_app_home_c0e1e8.index.min.js;e950145e3a13__edt.xiumius.cn_scripts_app_home_c82df5.index.min.js.js;xiumius_home_index.js"
"/api/orders/tariff/for/templated_membership/upgrading","GET","orders","email","e950145e3a__edt.xiumius.cn_scripts_app_home_c82df5.index.min.js;fc5bd8c640__xiumius.cn_scripts_app_home_c0e1e8.index.min.js;e950145e3a13__edt.xiumius.cn_scripts_app_home_c82df5.index.min.js.js;xiumius_home_index.js"
"/api/orders/tariff/for/traffic_package","GET","orders","email|team_id","e950145e3a__edt.xiumius.cn_scripts_app_home_c82df5.index.min.js;fc5bd8c640__xiumius.cn_scripts_app_home_c0e1e8.index.min.js;e950145e3a13__edt.xiumius.cn_scripts_app_home_c82df5.index.min.js.js;xiumius_home_index.js"
"/api/publisher/identity","GET|DELETE|POST","publisher","team_id","e950145e3a__edt.xiumius.cn_scripts_app_home_c82df5.index.min.js;fc5bd8c640__xiumius.cn_scripts_app_home_c0e1e8.index.min.js;e950145e3a13__edt.xiumius.cn_scripts_app_home_c82df5.index.min.js.js;xiumius_home_index.js"
"/api/qrimage/progress","GET","qrimage","token","b9de856e7e__edt.xiumius.cn_scripts_app_studio_entries_total_021cc3.main.min.js"
"/api/qrimage/token","DELETE|POST","qrimage","tag|team_id|watermark","b9de856e7e__edt.xiumius.cn_scripts_app_studio_entries_total_021cc3.main.min.js"
"/api/qrshare/show/save","POST","qrshare","share_token","b9de856e7e__edt.xiumius.cn_scripts_app_studio_entries_total_021cc3.main.min.js;e950145e3a__edt.xiumius.cn_scripts_app_home_c82df5.index.min.js;fc5bd8c640__xiumius.cn_scripts_app_home_c0e1e8.index.min.js;e950145e3a13__edt.xiumius.cn_scripts_app_home_c82df5.index.min.js.js;xiumius_home_index.js"
"/api/qrshare/show/share","POST","qrshare","show_id","b9de856e7e__edt.xiumius.cn_scripts_app_studio_entries_total_021cc3.main.min.js;e950145e3a__edt.xiumius.cn_scripts_app_home_c82df5.index.min.js;fc5bd8c640__xiumius.cn_scripts_app_home_c0e1e8.index.min.js;e950145e3a13__edt.xiumius.cn_scripts_app_home_c82df5.index.min.js.js;xiumius_home_index.js"
"/api/renderer/comp/show","GET","renderer","nopadding|quality","b9de856e7e__edt.xiumius.cn_scripts_app_studio_entries_total_021cc3.main.min.js"
"/api/renderer/export","GET","renderer","","b9de856e7e__edt.xiumius.cn_scripts_app_studio_entries_total_021cc3.main.min.js"
"/api/renderer/frames/show","GET","renderer","end_page|frequence|poster_path|quality|scroll_speed|start_page|storage_target|transparent_bg|turning_interval","b9de856e7e__edt.xiumius.cn_scripts_app_studio_entries_total_021cc3.main.min.js"
"/api/renderer/gif/show","GET","renderer","end_page|frequence|poster_path|quality|repeat|scroll_speed|start_page|storage_target|transparent_bg|turning_interval","b9de856e7e__edt.xiumius.cn_scripts_app_studio_entries_total_021cc3.main.min.js"
"/api/renderer/pdf/show","GET","renderer","no_padding|page_height|page_width|quality","b9de856e7e__edt.xiumius.cn_scripts_app_studio_entries_total_021cc3.main.min.js"
"/api/renderer/screenshot/show","GET","renderer","combine_dir|end_page|file_type|no_padding|page_height|page_indicators|page_width|poster_path|quality|start_page|storage_target|transparent_bg","b9de856e7e__edt.xiumius.cn_scripts_app_studio_entries_total_021cc3.main.min.js"
"/api/renderer/video/show","GET","renderer","page_width|quality|scroll_speed|turning_interval|use_music","b9de856e7e__edt.xiumius.cn_scripts_app_studio_entries_total_021cc3.main.min.js"
"/api/show","GET","show","","b9de856e7e__edt.xiumius.cn_scripts_app_studio_entries_total_021cc3.main.min.js;e950145e3a__edt.xiumius.cn_scripts_app_home_c82df5.index.min.js;fc5bd8c640__xiumius.cn_scripts_app_home_c0e1e8.index.min.js;e950145e3a13__edt.xiumius.cn_scripts_app_home_c82df5.index.min.js.js;xiumius_home_index.js"
"/api/show_goods_favorite_tags","GET","show_goods_favorite_tags","","b9de856e7e__edt.xiumius.cn_scripts_app_studio_entries_total_021cc3.main.min.js;e950145e3a__edt.xiumius.cn_scripts_app_home_c82df5.index.min.js;fc5bd8c640__xiumius.cn_scripts_app_home_c0e1e8.index.min.js;e950145e3a13__edt.xiumius.cn_scripts_app_home_c82df5.index.min.js.js;xiumius_home_index.js"
"/api/show_goods_favorite_tags/{param}/{param2}/show_goods","GET","show_goods_favorite_tags","limit|page","e950145e3a__edt.xiumius.cn_scripts_app_home_c82df5.index.min.js;e950145e3a13__edt.xiumius.cn_scripts_app_home_c82df5.index.min.js.js"
"/api/show_goods_favorite_tags/{param}/order","GET|POST","show_goods_favorite_tags","order","e950145e3a__edt.xiumius.cn_scripts_app_home_c82df5.index.min.js;e950145e3a13__edt.xiumius.cn_scripts_app_home_c82df5.index.min.js.js"
"/api/show_goods_favorite_tags/{param}/tagorder","GET","show_goods_favorite_tags","","e950145e3a__edt.xiumius.cn_scripts_app_home_c82df5.index.min.js;e950145e3a13__edt.xiumius.cn_scripts_app_home_c82df5.index.min.js.js"
"/api/show_goods_favorite_tags/{show_type}/{param}/tags","DELETE","show_goods_favorite_tags","","e950145e3a__edt.xiumius.cn_scripts_app_home_c82df5.index.min.js;e950145e3a13__edt.xiumius.cn_scripts_app_home_c82df5.index.min.js.js"
"/api/show_goods_favorite_tags/rename","POST","show_goods_favorite_tags","new_tag|old_tag|show_type","b9de856e7e__edt.xiumius.cn_scripts_app_studio_entries_total_021cc3.main.min.js;e950145e3a__edt.xiumius.cn_scripts_app_home_c82df5.index.min.js;e950145e3a13__edt.xiumius.cn_scripts_app_home_c82df5.index.min.js.js"
"/api/show_goods_favorite_tags/show_goods/{show_goods_id}/{show_goods_id2}","GET","show_goods_favorite_tags","","e950145e3a__edt.xiumius.cn_scripts_app_home_c82df5.index.min.js;e950145e3a13__edt.xiumius.cn_scripts_app_home_c82df5.index.min.js.js"
"/api/show_goods_favorite_tags/show_goods/{show_goods_id}/{show_goods_id2}/{show_goods_id3}","DELETE","show_goods_favorite_tags","","e950145e3a__edt.xiumius.cn_scripts_app_home_c82df5.index.min.js;e950145e3a13__edt.xiumius.cn_scripts_app_home_c82df5.index.min.js.js"
"/api/show_goods_favorite_tags/show_type/{param}","GET","show_goods_favorite_tags","","e950145e3a__edt.xiumius.cn_scripts_app_home_c82df5.index.min.js;e950145e3a13__edt.xiumius.cn_scripts_app_home_c82df5.index.min.js.js"
"/api/show_goods_favorite_tags/show_type/{param}/{param2}","DELETE","show_goods_favorite_tags","","e950145e3a__edt.xiumius.cn_scripts_app_home_c82df5.index.min.js;e950145e3a13__edt.xiumius.cn_scripts_app_home_c82df5.index.min.js.js"
"/api/show_goods_favorite_tags/state/read","POST","show_goods_favorite_tags","state","b9de856e7e__edt.xiumius.cn_scripts_app_studio_entries_total_021cc3.main.min.js;e950145e3a__edt.xiumius.cn_scripts_app_home_c82df5.index.min.js;e950145e3a13__edt.xiumius.cn_scripts_app_home_c82df5.index.min.js.js"
"/api/show_goods_favorites","GET","show_goods_favorites","","b9de856e7e__edt.xiumius.cn_scripts_app_studio_entries_total_021cc3.main.min.js;e950145e3a__edt.xiumius.cn_scripts_app_home_c82df5.index.min.js;fc5bd8c640__xiumius.cn_scripts_app_home_c0e1e8.index.min.js;e950145e3a13__edt.xiumius.cn_scripts_app_home_c82df5.index.min.js.js;xiumius_home_index.js"
"/api/show_goods_favorites/{param}","DELETE","show_goods_favorites","","e950145e3a__edt.xiumius.cn_scripts_app_home_c82df5.index.min.js;e950145e3a13__edt.xiumius.cn_scripts_app_home_c82df5.index.min.js.js"
"/api/show_goods_favorites/is_favorite/{param}","GET","show_goods_favorites","","e950145e3a__edt.xiumius.cn_scripts_app_home_c82df5.index.min.js;e950145e3a13__edt.xiumius.cn_scripts_app_home_c82df5.index.min.js.js"
"/api/show_goods/application/originality_file_upload","GET","show_goods","formData","b9de856e7e__edt.xiumius.cn_scripts_app_studio_entries_total_021cc3.main.min.js;e950145e3a__edt.xiumius.cn_scripts_app_home_c82df5.index.min.js;fc5bd8c640__xiumius.cn_scripts_app_home_c0e1e8.index.min.js;e950145e3a13__edt.xiumius.cn_scripts_app_home_c82df5.index.min.js.js;xiumius_home_index.js"
"/api/show_goods/applications","POST|PUT|GET","show_goods","access_token|is_new_original_file|originality_file_url|price|reason|show_goods_id|show_id|tag_id|template_membership_flag","b9de856e7e__edt.xiumius.cn_scripts_app_studio_entries_total_021cc3.main.min.js;e950145e3a__edt.xiumius.cn_scripts_app_home_c82df5.index.min.js;fc5bd8c640__xiumius.cn_scripts_app_home_c0e1e8.index.min.js;e950145e3a13__edt.xiumius.cn_scripts_app_home_c82df5.index.min.js.js;xiumius_home_index.js"
"/api/show_goods/applications/revoke","DELETE|PUT","show_goods","","b9de856e7e__edt.xiumius.cn_scripts_app_studio_entries_total_021cc3.main.min.js;e950145e3a__edt.xiumius.cn_scripts_app_home_c82df5.index.min.js;fc5bd8c640__xiumius.cn_scripts_app_home_c0e1e8.index.min.js;e950145e3a13__edt.xiumius.cn_scripts_app_home_c82df5.index.min.js.js;xiumius_home_index.js"
"/api/show_goods/author/applying","POST","show_goods","home_url|state","b9de856e7e__edt.xiumius.cn_scripts_app_studio_entries_total_021cc3.main.min.js;e950145e3a__edt.xiumius.cn_scripts_app_home_c82df5.index.min.js;fc5bd8c640__xiumius.cn_scripts_app_home_c0e1e8.index.min.js;e950145e3a13__edt.xiumius.cn_scripts_app_home_c82df5.index.min.js.js;xiumius_home_index.js"
"/api/show_goods/author/state","GET","show_goods","","b9de856e7e__edt.xiumius.cn_scripts_app_studio_entries_total_021cc3.main.min.js;e950145e3a__edt.xiumius.cn_scripts_app_home_c82df5.index.min.js;fc5bd8c640__xiumius.cn_scripts_app_home_c0e1e8.index.min.js;e950145e3a13__edt.xiumius.cn_scripts_app_home_c82df5.index.min.js.js;xiumius_home_index.js"
"/api/show_goods/expected_income","GET","show_goods","show_type|utc_ticks","b9de856e7e__edt.xiumius.cn_scripts_app_studio_entries_total_021cc3.main.min.js;e950145e3a__edt.xiumius.cn_scripts_app_home_c82df5.index.min.js;fc5bd8c640__xiumius.cn_scripts_app_home_c0e1e8.index.min.js;e950145e3a13__edt.xiumius.cn_scripts_app_home_c82df5.index.min.js.js;xiumius_home_index.js"
"/api/show_goods/goodses","GET","show_goods","by_nearest|limit|page|price_scope|search|show_type|showgoods_type|tag_id|tag_name|tpl_flag|utc_ticks","b9de856e7e__edt.xiumius.cn_scripts_app_studio_entries_total_021cc3.main.min.js;e950145e3a__edt.xiumius.cn_scripts_app_home_c82df5.index.min.js;fc5bd8c640__xiumius.cn_scripts_app_home_c0e1e8.index.min.js;e950145e3a13__edt.xiumius.cn_scripts_app_home_c82df5.index.min.js.js;xiumius_home_index.js"
"/api/show_goods/goodses/assign_tags","PUT","show_goods","inTags|outTags|relatedFlag|show_goods_id","b9de856e7e__edt.xiumius.cn_scripts_app_studio_entries_total_021cc3.main.min.js;e950145e3a__edt.xiumius.cn_scripts_app_home_c82df5.index.min.js;fc5bd8c640__xiumius.cn_scripts_app_home_c0e1e8.index.min.js;e950145e3a13__edt.xiumius.cn_scripts_app_home_c82df5.index.min.js.js;xiumius_home_index.js"
"/api/show_goods/goodses/change_price","PUT","show_goods","show_goods_id","b9de856e7e__edt.xiumius.cn_scripts_app_studio_entries_total_021cc3.main.min.js;e950145e3a__edt.xiumius.cn_scripts_app_home_c82df5.index.min.js;fc5bd8c640__xiumius.cn_scripts_app_home_c0e1e8.index.min.js;e950145e3a13__edt.xiumius.cn_scripts_app_home_c82df5.index.min.js.js;xiumius_home_index.js"
"/api/show_goods/goodses/stopSale","PUT","show_goods","show_goods_id","b9de856e7e__edt.xiumius.cn_scripts_app_studio_entries_total_021cc3.main.min.js;e950145e3a__edt.xiumius.cn_scripts_app_home_c82df5.index.min.js;fc5bd8c640__xiumius.cn_scripts_app_home_c0e1e8.index.min.js;e950145e3a13__edt.xiumius.cn_scripts_app_home_c82df5.index.min.js.js;xiumius_home_index.js"
"/api/show_goods/my/applications","GET","show_goods","application_type|limit|page|state","b9de856e7e__edt.xiumius.cn_scripts_app_studio_entries_total_021cc3.main.min.js;e950145e3a__edt.xiumius.cn_scripts_app_home_c82df5.index.min.js;fc5bd8c640__xiumius.cn_scripts_app_home_c0e1e8.index.min.js;e950145e3a13__edt.xiumius.cn_scripts_app_home_c82df5.index.min.js.js;xiumius_home_index.js"
"/api/show_goods/my/goodses","GET|POST","show_goods","limit|page|state","b9de856e7e__edt.xiumius.cn_scripts_app_studio_entries_total_021cc3.main.min.js;e950145e3a__edt.xiumius.cn_scripts_app_home_c82df5.index.min.js;fc5bd8c640__xiumius.cn_scripts_app_home_c0e1e8.index.min.js;e950145e3a13__edt.xiumius.cn_scripts_app_home_c82df5.index.min.js.js;xiumius_home_index.js"
"/api/show_goods/my/incomes/goodses","GET","show_goods","limit|page|payedOnly|scopeType|state","b9de856e7e__edt.xiumius.cn_scripts_app_studio_entries_total_021cc3.main.min.js;e950145e3a__edt.xiumius.cn_scripts_app_home_c82df5.index.min.js;fc5bd8c640__xiumius.cn_scripts_app_home_c0e1e8.index.min.js;e950145e3a13__edt.xiumius.cn_scripts_app_home_c82df5.index.min.js.js;xiumius_home_index.js"
"/api/show_goods/my/info","GET","show_goods","include|show_type","b9de856e7e__edt.xiumius.cn_scripts_app_studio_entries_total_021cc3.main.min.js;e950145e3a__edt.xiumius.cn_scripts_app_home_c82df5.index.min.js;fc5bd8c640__xiumius.cn_scripts_app_home_c0e1e8.index.min.js;e950145e3a13__edt.xiumius.cn_scripts_app_home_c82df5.index.min.js.js;xiumius_home_index.js"
"/api/show_goods/my/purchased/goodses","GET","show_goods","limit|page|show_type","b9de856e7e__edt.xiumius.cn_scripts_app_studio_entries_total_021cc3.main.min.js;e950145e3a__edt.xiumius.cn_scripts_app_home_c82df5.index.min.js;fc5bd8c640__xiumius.cn_scripts_app_home_c0e1e8.index.min.js;e950145e3a13__edt.xiumius.cn_scripts_app_home_c82df5.index.min.js.js;xiumius_home_index.js"
"/api/show_goods/my/purchased/state","GET","show_goods","include|show_goods_id","b9de856e7e__edt.xiumius.cn_scripts_app_studio_entries_total_021cc3.main.min.js;e950145e3a__edt.xiumius.cn_scripts_app_home_c82df5.index.min.js;fc5bd8c640__xiumius.cn_scripts_app_home_c0e1e8.index.min.js;e950145e3a13__edt.xiumius.cn_scripts_app_home_c82df5.index.min.js.js;xiumius_home_index.js"
"/api/show_goods/official_recommended","GET","show_goods","limit|page|show_type","b9de856e7e__edt.xiumius.cn_scripts_app_studio_entries_total_021cc3.main.min.js;e950145e3a__edt.xiumius.cn_scripts_app_home_c82df5.index.min.js;fc5bd8c640__xiumius.cn_scripts_app_home_c0e1e8.index.min.js;e950145e3a13__edt.xiumius.cn_scripts_app_home_c82df5.index.min.js.js;xiumius_home_index.js"
"/api/show_goods/purchased/goodses","POST","show_goods","show_goods_id","b9de856e7e__edt.xiumius.cn_scripts_app_studio_entries_total_021cc3.main.min.js;e950145e3a__edt.xiumius.cn_scripts_app_home_c82df5.index.min.js;fc5bd8c640__xiumius.cn_scripts_app_home_c0e1e8.index.min.js;e950145e3a13__edt.xiumius.cn_scripts_app_home_c82df5.index.min.js.js;xiumius_home_index.js"
"/api/show_goods/rank","GET","show_goods","limit|page|range_from|range_to|rank_object|show_type","e950145e3a__edt.xiumius.cn_scripts_app_home_c82df5.index.min.js;fc5bd8c640__xiumius.cn_scripts_app_home_c0e1e8.index.min.js;e950145e3a13__edt.xiumius.cn_scripts_app_home_c82df5.index.min.js.js;xiumius_home_index.js"
"/api/show_goods/tags_tree","GET","show_goods","show_goods|show_type|tag_level_from|tag_level_to","b9de856e7e__edt.xiumius.cn_scripts_app_studio_entries_total_021cc3.main.min.js;e950145e3a__edt.xiumius.cn_scripts_app_home_c82df5.index.min.js;fc5bd8c640__xiumius.cn_scripts_app_home_c0e1e8.index.min.js;e950145e3a13__edt.xiumius.cn_scripts_app_home_c82df5.index.min.js.js;xiumius_home_index.js"
"/api/show_goods/tpl_goods/bought/state","GET","show_goods","n","e950145e3a__edt.xiumius.cn_scripts_app_home_c82df5.index.min.js;fc5bd8c640__xiumius.cn_scripts_app_home_c0e1e8.index.min.js;e950145e3a13__edt.xiumius.cn_scripts_app_home_c82df5.index.min.js.js;xiumius_home_index.js"
"/api/show_goods/tpl_goods/count","GET","show_goods","utc_ticks","b9de856e7e__edt.xiumius.cn_scripts_app_studio_entries_total_021cc3.main.min.js;e950145e3a__edt.xiumius.cn_scripts_app_home_c82df5.index.min.js;fc5bd8c640__xiumius.cn_scripts_app_home_c0e1e8.index.min.js;e950145e3a13__edt.xiumius.cn_scripts_app_home_c82df5.index.min.js.js;xiumius_home_index.js"
"/api/show_save_to_records","GET","show_save_to_records","limit|page|search|search_area","b9de856e7e__edt.xiumius.cn_scripts_app_studio_entries_total_021cc3.main.min.js;e950145e3a__edt.xiumius.cn_scripts_app_home_c82df5.index.min.js;fc5bd8c640__xiumius.cn_scripts_app_home_c0e1e8.index.min.js;e950145e3a13__edt.xiumius.cn_scripts_app_home_c82df5.index.min.js.js;xiumius_home_index.js"
"/api/show_save_to_records/count","GET","show_save_to_records","limit|page|search|search_area","b9de856e7e__edt.xiumius.cn_scripts_app_studio_entries_total_021cc3.main.min.js;e950145e3a__edt.xiumius.cn_scripts_app_home_c82df5.index.min.js;fc5bd8c640__xiumius.cn_scripts_app_home_c0e1e8.index.min.js;e950145e3a13__edt.xiumius.cn_scripts_app_home_c82df5.index.min.js.js;xiumius_home_index.js"
"/api/show/collect_img/5","POST","show","showData","b9de856e7e__edt.xiumius.cn_scripts_app_studio_entries_total_021cc3.main.min.js"
"/api/show/scan_image_infringement/5","POST","show","showData","b9de856e7e__edt.xiumius.cn_scripts_app_studio_entries_total_021cc3.main.min.js"
"/api/shows","GET|PUT|POST|DELETE","shows","enableFullTextSearch|include|limit|offset|page|pattern_fragment|preview_for|reverse|search|show_type|sort_by|tag|team_id|to|version","b9de856e7e__edt.xiumius.cn_scripts_app_studio_entries_total_021cc3.main.min.js;e950145e3a__edt.xiumius.cn_scripts_app_home_c82df5.index.min.js;fc5bd8c640__xiumius.cn_scripts_app_home_c0e1e8.index.min.js;e950145e3a13__edt.xiumius.cn_scripts_app_home_c82df5.index.min.js.js;xiumius_home_index.js"
"/api/shows/{show_id}","DELETE","shows","","e950145e3a__edt.xiumius.cn_scripts_app_home_c82df5.index.min.js;e950145e3a13__edt.xiumius.cn_scripts_app_home_c82df5.index.min.js.js"
"/api/shows/by/pattfrag-tags","GET","shows","limit|page|show_type|sort_by|team_id","b9de856e7e__edt.xiumius.cn_scripts_app_studio_entries_total_021cc3.main.min.js"
"/api/shows/by/tags","GET","shows","enableFullTextSearch|limit|offset|page|pattern_fragment|reverse|search|show_type|sort_by|team_id","b9de856e7e__edt.xiumius.cn_scripts_app_studio_entries_total_021cc3.main.min.js;e950145e3a__edt.xiumius.cn_scripts_app_home_c82df5.index.min.js;fc5bd8c640__xiumius.cn_scripts_app_home_c0e1e8.index.min.js;e950145e3a13__edt.xiumius.cn_scripts_app_home_c82df5.index.min.js.js;xiumius_home_index.js"
"/api/shows/by/untag","GET","shows","enableFullTextSearch|limit|page|pattern_fragment|search|show_type|sort_by|team_id","b9de856e7e__edt.xiumius.cn_scripts_app_studio_entries_total_021cc3.main.min.js;e950145e3a__edt.xiumius.cn_scripts_app_home_c82df5.index.min.js;fc5bd8c640__xiumius.cn_scripts_app_home_c0e1e8.index.min.js;e950145e3a13__edt.xiumius.cn_scripts_app_home_c82df5.index.min.js.js;xiumius_home_index.js"
"/api/shows/consume/traffic_package/shows","GET","shows","limit|page|team_id","b9de856e7e__edt.xiumius.cn_scripts_app_studio_entries_total_021cc3.main.min.js;e950145e3a__edt.xiumius.cn_scripts_app_home_c82df5.index.min.js;fc5bd8c640__xiumius.cn_scripts_app_home_c0e1e8.index.min.js;e950145e3a13__edt.xiumius.cn_scripts_app_home_c82df5.index.min.js.js;xiumius_home_index.js"
"/api/shows/count","GET","shows","enableFullTextSearch|pattern_fragment|search|show_type|version","b9de856e7e__edt.xiumius.cn_scripts_app_studio_entries_total_021cc3.main.min.js;e950145e3a__edt.xiumius.cn_scripts_app_home_c82df5.index.min.js;fc5bd8c640__xiumius.cn_scripts_app_home_c0e1e8.index.min.js;e950145e3a13__edt.xiumius.cn_scripts_app_home_c82df5.index.min.js.js;xiumius_home_index.js"
"/api/shows/deleted/shows","GET","shows","enableFullTextSearch|limit|offset|page|search|show_type|version","b9de856e7e__edt.xiumius.cn_scripts_app_studio_entries_total_021cc3.main.min.js;e950145e3a__edt.xiumius.cn_scripts_app_home_c82df5.index.min.js;fc5bd8c640__xiumius.cn_scripts_app_home_c0e1e8.index.min.js;e950145e3a13__edt.xiumius.cn_scripts_app_home_c82df5.index.min.js.js;xiumius_home_index.js"
"/api/shows/from/official","GET","shows","","b9de856e7e__edt.xiumius.cn_scripts_app_studio_entries_total_021cc3.main.min.js;e950145e3a__edt.xiumius.cn_scripts_app_home_c82df5.index.min.js;fc5bd8c640__xiumius.cn_scripts_app_home_c0e1e8.index.min.js;e950145e3a13__edt.xiumius.cn_scripts_app_home_c82df5.index.min.js.js;xiumius_home_index.js"
"/api/shows/from/official2","GET","shows","enableFullTextSearch|limit|page|pattern_fragment|search|show_type|sort_by|version","b9de856e7e__edt.xiumius.cn_scripts_app_studio_entries_total_021cc3.main.min.js;e950145e3a__edt.xiumius.cn_scripts_app_home_c82df5.index.min.js;e950145e3a13__edt.xiumius.cn_scripts_app_home_c82df5.index.min.js.js"
"/api/shows/from/teams","GET","shows","enableFullTextSearch|limit|offset|page|pattern_fragment|search|show_type|sort_by|version","b9de856e7e__edt.xiumius.cn_scripts_app_studio_entries_total_021cc3.main.min.js;e950145e3a__edt.xiumius.cn_scripts_app_home_c82df5.index.min.js;fc5bd8c640__xiumius.cn_scripts_app_home_c0e1e8.index.min.js;e950145e3a13__edt.xiumius.cn_scripts_app_home_c82df5.index.min.js.js;xiumius_home_index.js"
"/api/shows/from/teams/count","GET","shows","pattern_fragment|version","e950145e3a__edt.xiumius.cn_scripts_app_home_c82df5.index.min.js;e950145e3a13__edt.xiumius.cn_scripts_app_home_c82df5.index.min.js.js"
"/api/shows/getwxarticledata","POST","shows","articleurl|user_sid","b9de856e7e__edt.xiumius.cn_scripts_app_studio_entries_total_021cc3.main.min.js"
"/api/shows/importwxarticle","POST","shows","articleurl","b9de856e7e__edt.xiumius.cn_scripts_app_studio_entries_total_021cc3.main.min.js"
"/api/shows/pattfrag-tags/clear","DELETE","shows","team_id","b9de856e7e__edt.xiumius.cn_scripts_app_studio_entries_total_021cc3.main.min.js"
"/api/shows/pattfrag-tags/order","GET|POST","shows","team_id","b9de856e7e__edt.xiumius.cn_scripts_app_studio_entries_total_021cc3.main.min.js"
"/api/shows/pattfrag-tags/rename","POST","shows","","b9de856e7e__edt.xiumius.cn_scripts_app_studio_entries_total_021cc3.main.min.js"
"/api/shows/recover","POST|GET","shows","limit|offset","b9de856e7e__edt.xiumius.cn_scripts_app_studio_entries_total_021cc3.main.min.js;e950145e3a__edt.xiumius.cn_scripts_app_home_c82df5.index.min.js;fc5bd8c640__xiumius.cn_scripts_app_home_c0e1e8.index.min.js;e950145e3a13__edt.xiumius.cn_scripts_app_home_c82df5.index.min.js.js;xiumius_home_index.js"
"/api/shows/recover/{param}","POST","shows","","e950145e3a__edt.xiumius.cn_scripts_app_home_c82df5.index.min.js;fc5bd8c640__xiumius.cn_scripts_app_home_c0e1e8.index.min.js;e950145e3a13__edt.xiumius.cn_scripts_app_home_c82df5.index.min.js.js;xiumius_home_index.js"
"/api/shows/send","POST","shows","from_show_id|show_id|title_postfix","b9de856e7e__edt.xiumius.cn_scripts_app_studio_entries_total_021cc3.main.min.js;e950145e3a__edt.xiumius.cn_scripts_app_home_c82df5.index.min.js;fc5bd8c640__xiumius.cn_scripts_app_home_c0e1e8.index.min.js;e950145e3a13__edt.xiumius.cn_scripts_app_home_c82df5.index.min.js.js;xiumius_home_index.js"
"/api/shows/tags/clear","DELETE|POST","shows","team_id","b9de856e7e__edt.xiumius.cn_scripts_app_studio_entries_total_021cc3.main.min.js;e950145e3a__edt.xiumius.cn_scripts_app_home_c82df5.index.min.js;fc5bd8c640__xiumius.cn_scripts_app_home_c0e1e8.index.min.js;e950145e3a13__edt.xiumius.cn_scripts_app_home_c82df5.index.min.js.js;xiumius_home_index.js"
"/api/shows/tags/order","GET|POST","shows","order|team_id","b9de856e7e__edt.xiumius.cn_scripts_app_studio_entries_total_021cc3.main.min.js;e950145e3a__edt.xiumius.cn_scripts_app_home_c82df5.index.min.js;fc5bd8c640__xiumius.cn_scripts_app_home_c0e1e8.index.min.js;e950145e3a13__edt.xiumius.cn_scripts_app_home_c82df5.index.min.js.js;xiumius_home_index.js"
"/api/shows/tags/rename","POST|DELETE","shows","new_tag|old_tag","b9de856e7e__edt.xiumius.cn_scripts_app_studio_entries_total_021cc3.main.min.js;e950145e3a__edt.xiumius.cn_scripts_app_home_c82df5.index.min.js;fc5bd8c640__xiumius.cn_scripts_app_home_c0e1e8.index.min.js;e950145e3a13__edt.xiumius.cn_scripts_app_home_c82df5.index.min.js.js;xiumius_home_index.js"
"/api/shows/v5","POST","shows","from_show_id|g|o","b9de856e7e__edt.xiumius.cn_scripts_app_studio_entries_total_021cc3.main.min.js;e950145e3a__edt.xiumius.cn_scripts_app_home_c82df5.index.min.js;fc5bd8c640__xiumius.cn_scripts_app_home_c0e1e8.index.min.js;e950145e3a13__edt.xiumius.cn_scripts_app_home_c82df5.index.min.js.js;xiumius_home_index.js"
"/api/shows/validate/teamshow","GET","shows","","b9de856e7e__edt.xiumius.cn_scripts_app_studio_entries_total_021cc3.main.min.js;e950145e3a__edt.xiumius.cn_scripts_app_home_c82df5.index.min.js;fc5bd8c640__xiumius.cn_scripts_app_home_c0e1e8.index.min.js;e950145e3a13__edt.xiumius.cn_scripts_app_home_c82df5.index.min.js.js;xiumius_home_index.js"
"/api/sms/auth_action","POST","sms","action|code","b9de856e7e__edt.xiumius.cn_scripts_app_studio_entries_total_021cc3.main.min.js;e950145e3a__edt.xiumius.cn_scripts_app_home_c82df5.index.min.js;fc5bd8c640__xiumius.cn_scripts_app_home_c0e1e8.index.min.js;e950145e3a13__edt.xiumius.cn_scripts_app_home_c82df5.index.min.js.js;xiumius_home_index.js"
"/api/sms/auth_manual","POST","sms","","b9de856e7e__edt.xiumius.cn_scripts_app_studio_entries_total_021cc3.main.min.js;e950145e3a__edt.xiumius.cn_scripts_app_home_c82df5.index.min.js;e950145e3a13__edt.xiumius.cn_scripts_app_home_c82df5.index.min.js.js"
"/api/sms/auth_skip","POST","sms","","b9de856e7e__edt.xiumius.cn_scripts_app_studio_entries_total_021cc3.main.min.js;e950145e3a__edt.xiumius.cn_scripts_app_home_c82df5.index.min.js;fc5bd8c640__xiumius.cn_scripts_app_home_c0e1e8.index.min.js;e950145e3a13__edt.xiumius.cn_scripts_app_home_c82df5.index.min.js.js;xiumius_home_index.js"
"/api/sms/change_phone","POST","sms","area_code|phone","b9de856e7e__edt.xiumius.cn_scripts_app_studio_entries_total_021cc3.main.min.js;e950145e3a__edt.xiumius.cn_scripts_app_home_c82df5.index.min.js;fc5bd8c640__xiumius.cn_scripts_app_home_c0e1e8.index.min.js;e950145e3a13__edt.xiumius.cn_scripts_app_home_c82df5.index.min.js.js;xiumius_home_index.js"
"/api/sms/register_user","POST","sms","area_code|phone|randstr|ticket","001c3aa82e__edt.xiumius.cn_scripts_app_auth_d4a63b.index.min.js;001c3aa82e37__edt.xiumius.cn_scripts_app_auth_d4a63b.index.min.js.js;edt_auth_index.js"
"/api/sms/reset_password","POST","sms","area_code|phone|randstr|ticket","001c3aa82e__edt.xiumius.cn_scripts_app_auth_d4a63b.index.min.js;001c3aa82e37__edt.xiumius.cn_scripts_app_auth_d4a63b.index.min.js.js;edt_auth_index.js"
"/api/sms/validate_phone","POST","sms","action","b9de856e7e__edt.xiumius.cn_scripts_app_studio_entries_total_021cc3.main.min.js;e950145e3a__edt.xiumius.cn_scripts_app_home_c82df5.index.min.js;fc5bd8c640__xiumius.cn_scripts_app_home_c0e1e8.index.min.js;e950145e3a13__edt.xiumius.cn_scripts_app_home_c82df5.index.min.js.js;xiumius_home_index.js"
"/api/statistics/show","GET","statistics","count","e950145e3a__edt.xiumius.cn_scripts_app_home_c82df5.index.min.js;fc5bd8c640__xiumius.cn_scripts_app_home_c0e1e8.index.min.js;e950145e3a13__edt.xiumius.cn_scripts_app_home_c82df5.index.min.js.js;xiumius_home_index.js"
"/api/sys_info","GET","sys_info","","001c3aa82e__edt.xiumius.cn_scripts_app_auth_d4a63b.index.min.js;b9de856e7e__edt.xiumius.cn_scripts_app_studio_entries_total_021cc3.main.min.js;e950145e3a__edt.xiumius.cn_scripts_app_home_c82df5.index.min.js;fc5bd8c640__xiumius.cn_scripts_app_home_c0e1e8.index.min.js;001c3aa82e37__edt.xiumius.cn_scripts_app_auth_d4a63b.index.min.js.js;e950145e3a13__edt.xiumius.cn_scripts_app_home_c82df5.index.min.js.js;edt_auth_index.js;xiumius_home_index.js"
"/api/teams","POST|GET|PUT|DELETE","teams","auth|desc|display_name|email|enterprise_member|info|member_visibility|right_public_create|role|role_type","b9de856e7e__edt.xiumius.cn_scripts_app_studio_entries_total_021cc3.main.min.js;e950145e3a__edt.xiumius.cn_scripts_app_home_c82df5.index.min.js;fc5bd8c640__xiumius.cn_scripts_app_home_c0e1e8.index.min.js;e950145e3a13__edt.xiumius.cn_scripts_app_home_c82df5.index.min.js.js;xiumius_home_index.js"
"/api/teams/sub_account","POST|DELETE|PUT","teams","email|password","b9de856e7e__edt.xiumius.cn_scripts_app_studio_entries_total_021cc3.main.min.js;e950145e3a__edt.xiumius.cn_scripts_app_home_c82df5.index.min.js;fc5bd8c640__xiumius.cn_scripts_app_home_c0e1e8.index.min.js;e950145e3a13__edt.xiumius.cn_scripts_app_home_c82df5.index.min.js.js;xiumius_home_index.js"
"/api/templates","GET","templates","keywords|limit|match_level|page|q|sort|tag_category|tag_ids|template_category","b9de856e7e__edt.xiumius.cn_scripts_app_studio_entries_total_021cc3.main.min.js"
"/api/templates/allowed","POST","templates","resources","b9de856e7e__edt.xiumius.cn_scripts_app_studio_entries_total_021cc3.main.min.js"
"/api/templates/items","GET","templates","atom_tpl_id","b9de856e7e__edt.xiumius.cn_scripts_app_studio_entries_total_021cc3.main.min.js"
"/api/templates/tags","GET","templates","tag_category|tag_level|tag_name","b9de856e7e__edt.xiumius.cn_scripts_app_studio_entries_total_021cc3.main.min.js"
"/api/templates/tags_tree","GET","templates","tag_category|tag_level_from|tag_level_to|template","b9de856e7e__edt.xiumius.cn_scripts_app_studio_entries_total_021cc3.main.min.js"
"/api/upload-cdn/image/file","POST","upload-cdn","formData","b9de856e7e__edt.xiumius.cn_scripts_app_studio_entries_total_021cc3.main.min.js;e950145e3a__edt.xiumius.cn_scripts_app_home_c82df5.index.min.js;e950145e3a13__edt.xiumius.cn_scripts_app_home_c82df5.index.min.js.js"
"/api/upload-cdn/token","POST","upload-cdn","","b9de856e7e__edt.xiumius.cn_scripts_app_studio_entries_total_021cc3.main.min.js;e950145e3a__edt.xiumius.cn_scripts_app_home_c82df5.index.min.js;e950145e3a13__edt.xiumius.cn_scripts_app_home_c82df5.index.min.js.js"
"/api/upload/token","GET","upload","team_id|upload_type","b9de856e7e__edt.xiumius.cn_scripts_app_studio_entries_total_021cc3.main.min.js;e950145e3a__edt.xiumius.cn_scripts_app_home_c82df5.index.min.js;fc5bd8c640__xiumius.cn_scripts_app_home_c0e1e8.index.min.js;e950145e3a13__edt.xiumius.cn_scripts_app_home_c82df5.index.min.js.js;xiumius_home_index.js"
"/api/user_home","GET","user_home","","e950145e3a__edt.xiumius.cn_scripts_app_home_c82df5.index.min.js;fc5bd8c640__xiumius.cn_scripts_app_home_c0e1e8.index.min.js;e950145e3a13__edt.xiumius.cn_scripts_app_home_c82df5.index.min.js.js;xiumius_home_index.js"
"/api/user_home/follow","POST|GET","user_home","","e950145e3a__edt.xiumius.cn_scripts_app_home_c82df5.index.min.js;fc5bd8c640__xiumius.cn_scripts_app_home_c0e1e8.index.min.js;e950145e3a13__edt.xiumius.cn_scripts_app_home_c82df5.index.min.js.js;xiumius_home_index.js"
"/api/user_home/followers","GET","user_home","limit|page","b9de856e7e__edt.xiumius.cn_scripts_app_studio_entries_total_021cc3.main.min.js;e950145e3a__edt.xiumius.cn_scripts_app_home_c82df5.index.min.js;fc5bd8c640__xiumius.cn_scripts_app_home_c0e1e8.index.min.js;e950145e3a13__edt.xiumius.cn_scripts_app_home_c82df5.index.min.js.js;xiumius_home_index.js"
"/api/user_home/my/info","PUT","user_home","desc|name","e950145e3a__edt.xiumius.cn_scripts_app_home_c82df5.index.min.js;fc5bd8c640__xiumius.cn_scripts_app_home_c0e1e8.index.min.js;e950145e3a13__edt.xiumius.cn_scripts_app_home_c82df5.index.min.js.js;xiumius_home_index.js"
"/api/user_home/my/published/exhibits","POST|DELETE","user_home","show_id","e950145e3a__edt.xiumius.cn_scripts_app_home_c82df5.index.min.js;fc5bd8c640__xiumius.cn_scripts_app_home_c0e1e8.index.min.js;e950145e3a13__edt.xiumius.cn_scripts_app_home_c82df5.index.min.js.js;xiumius_home_index.js"
"/api/user_home/my/published/exhibits/orders","POST","user_home","","e950145e3a__edt.xiumius.cn_scripts_app_home_c82df5.index.min.js;fc5bd8c640__xiumius.cn_scripts_app_home_c0e1e8.index.min.js;e950145e3a13__edt.xiumius.cn_scripts_app_home_c82df5.index.min.js.js;xiumius_home_index.js"
"/api/user_home/published/user","GET","user_home","limit|page","e950145e3a__edt.xiumius.cn_scripts_app_home_c82df5.index.min.js;fc5bd8c640__xiumius.cn_scripts_app_home_c0e1e8.index.min.js;e950145e3a13__edt.xiumius.cn_scripts_app_home_c82df5.index.min.js.js;xiumius_home_index.js"
"/api/user_home/sold/user","GET","user_home","access_token|end_date|limit|page_height|page_width|start_date","e950145e3a__edt.xiumius.cn_scripts_app_home_c82df5.index.min.js;e950145e3a13__edt.xiumius.cn_scripts_app_home_c82df5.index.min.js.js"
"/api/user_home/tag","GET","user_home","","e950145e3a__edt.xiumius.cn_scripts_app_home_c82df5.index.min.js;fc5bd8c640__xiumius.cn_scripts_app_home_c0e1e8.index.min.js;e950145e3a13__edt.xiumius.cn_scripts_app_home_c82df5.index.min.js.js;xiumius_home_index.js"
"/api/user_home/tag/add","POST","user_home","published_shows_id|tag","e950145e3a__edt.xiumius.cn_scripts_app_home_c82df5.index.min.js;e950145e3a13__edt.xiumius.cn_scripts_app_home_c82df5.index.min.js.js"
"/api/user_home/tag/clear/{param}","POST","user_home","","e950145e3a__edt.xiumius.cn_scripts_app_home_c82df5.index.min.js;e950145e3a13__edt.xiumius.cn_scripts_app_home_c82df5.index.min.js.js"
"/api/user_home/tag/order","GET","user_home","order","e950145e3a__edt.xiumius.cn_scripts_app_home_c82df5.index.min.js;e950145e3a13__edt.xiumius.cn_scripts_app_home_c82df5.index.min.js.js"
"/api/user_home/tag/remove/{param}/{param2}","DELETE","user_home","","e950145e3a__edt.xiumius.cn_scripts_app_home_c82df5.index.min.js;e950145e3a13__edt.xiumius.cn_scripts_app_home_c82df5.index.min.js.js"
"/api/user_home/tag/rename","DELETE","user_home","new_tag|old_tag","e950145e3a__edt.xiumius.cn_scripts_app_home_c82df5.index.min.js;e950145e3a13__edt.xiumius.cn_scripts_app_home_c82df5.index.min.js.js"
"/api/user_home/tag/shows/{show_id}/{show_id2}","DELETE","user_home","limit|page","e950145e3a__edt.xiumius.cn_scripts_app_home_c82df5.index.min.js;e950145e3a13__edt.xiumius.cn_scripts_app_home_c82df5.index.min.js.js"
"/api/user_home/tag/tagorder/{param}","GET","user_home","","e950145e3a__edt.xiumius.cn_scripts_app_home_c82df5.index.min.js;e950145e3a13__edt.xiumius.cn_scripts_app_home_c82df5.index.min.js.js"
"/api/user_home/tag/tags/{tag_id}/{tag_id2}","GET","user_home","","e950145e3a__edt.xiumius.cn_scripts_app_home_c82df5.index.min.js;e950145e3a13__edt.xiumius.cn_scripts_app_home_c82df5.index.min.js.js"
"/api/user_setting","GET|POST","user_setting","settings","b9de856e7e__edt.xiumius.cn_scripts_app_studio_entries_total_021cc3.main.min.js;e950145e3a__edt.xiumius.cn_scripts_app_home_c82df5.index.min.js;e950145e3a13__edt.xiumius.cn_scripts_app_home_c82df5.index.min.js.js"
"/api/user_setting/background","POST","user_setting","background","b9de856e7e__edt.xiumius.cn_scripts_app_studio_entries_total_021cc3.main.min.js;e950145e3a__edt.xiumius.cn_scripts_app_home_c82df5.index.min.js;e950145e3a13__edt.xiumius.cn_scripts_app_home_c82df5.index.min.js.js"
"/api/user_setting/palette","GET|POST","user_setting","team_id|user_id","b9de856e7e__edt.xiumius.cn_scripts_app_studio_entries_total_021cc3.main.min.js"
"/api/user_setting/show-receive-type","POST","user_setting","showReceiveType","b9de856e7e__edt.xiumius.cn_scripts_app_studio_entries_total_021cc3.main.min.js;e950145e3a__edt.xiumius.cn_scripts_app_home_c82df5.index.min.js;e950145e3a13__edt.xiumius.cn_scripts_app_home_c82df5.index.min.js.js"
"/api/user_setting/watermark","GET|POST","user_setting","team_id","b9de856e7e__edt.xiumius.cn_scripts_app_studio_entries_total_021cc3.main.min.js"
"/api/user_setting/watermark-all","GET","user_setting","","b9de856e7e__edt.xiumius.cn_scripts_app_studio_entries_total_021cc3.main.min.js"
"/api/user/avatar/clear","POST","user","","e950145e3a__edt.xiumius.cn_scripts_app_home_c82df5.index.min.js;fc5bd8c640__xiumius.cn_scripts_app_home_c0e1e8.index.min.js;e950145e3a13__edt.xiumius.cn_scripts_app_home_c82df5.index.min.js.js;xiumius_home_index.js"
"/api/user/blacklist","GET","user","","e950145e3a__edt.xiumius.cn_scripts_app_home_c82df5.index.min.js;fc5bd8c640__xiumius.cn_scripts_app_home_c0e1e8.index.min.js;e950145e3a13__edt.xiumius.cn_scripts_app_home_c82df5.index.min.js.js;xiumius_home_index.js"
"/api/user/frozen","POST","user","","e950145e3a__edt.xiumius.cn_scripts_app_home_c82df5.index.min.js;fc5bd8c640__xiumius.cn_scripts_app_home_c0e1e8.index.min.js;e950145e3a13__edt.xiumius.cn_scripts_app_home_c82df5.index.min.js.js;xiumius_home_index.js"
"/api/user/identity","GET|POST","user","","b9de856e7e__edt.xiumius.cn_scripts_app_studio_entries_total_021cc3.main.min.js;e950145e3a__edt.xiumius.cn_scripts_app_home_c82df5.index.min.js;fc5bd8c640__xiumius.cn_scripts_app_home_c0e1e8.index.min.js;e950145e3a13__edt.xiumius.cn_scripts_app_home_c82df5.index.min.js.js;xiumius_home_index.js"
"/api/user/info","GET","user","include","001c3aa82e__edt.xiumius.cn_scripts_app_auth_d4a63b.index.min.js;b9de856e7e__edt.xiumius.cn_scripts_app_studio_entries_total_021cc3.main.min.js;e950145e3a__edt.xiumius.cn_scripts_app_home_c82df5.index.min.js;fc5bd8c640__xiumius.cn_scripts_app_home_c0e1e8.index.min.js;001c3aa82e37__edt.xiumius.cn_scripts_app_auth_d4a63b.index.min.js.js;e950145e3a13__edt.xiumius.cn_scripts_app_home_c82df5.index.min.js.js;edt_auth_index.js;xiumius_home_index.js"
"/api/user/info/avatar","PUT","user","avatar_url","e950145e3a__edt.xiumius.cn_scripts_app_home_c82df5.index.min.js;fc5bd8c640__xiumius.cn_scripts_app_home_c0e1e8.index.min.js;e950145e3a13__edt.xiumius.cn_scripts_app_home_c82df5.index.min.js.js;xiumius_home_index.js"
"/api/user/info/bind-phone","PUT","user","","b9de856e7e__edt.xiumius.cn_scripts_app_studio_entries_total_021cc3.main.min.js;e950145e3a__edt.xiumius.cn_scripts_app_home_c82df5.index.min.js;fc5bd8c640__xiumius.cn_scripts_app_home_c0e1e8.index.min.js;e950145e3a13__edt.xiumius.cn_scripts_app_home_c82df5.index.min.js.js;xiumius_home_index.js"
"/api/user/info/coin","GET","user","","e950145e3a__edt.xiumius.cn_scripts_app_home_c82df5.index.min.js;fc5bd8c640__xiumius.cn_scripts_app_home_c0e1e8.index.min.js;e950145e3a13__edt.xiumius.cn_scripts_app_home_c82df5.index.min.js.js;xiumius_home_index.js"
"/api/user/info/email","PUT|DELETE","user","code|email","b9de856e7e__edt.xiumius.cn_scripts_app_studio_entries_total_021cc3.main.min.js;e950145e3a__edt.xiumius.cn_scripts_app_home_c82df5.index.min.js;fc5bd8c640__xiumius.cn_scripts_app_home_c0e1e8.index.min.js;e950145e3a13__edt.xiumius.cn_scripts_app_home_c82df5.index.min.js.js;xiumius_home_index.js"
"/api/user/info/extendlifebycoin","POST","user","coin","e950145e3a__edt.xiumius.cn_scripts_app_home_c82df5.index.min.js;fc5bd8c640__xiumius.cn_scripts_app_home_c0e1e8.index.min.js;e950145e3a13__edt.xiumius.cn_scripts_app_home_c82df5.index.min.js.js;xiumius_home_index.js"
"/api/user/info/invitation","GET","user","","e950145e3a__edt.xiumius.cn_scripts_app_home_c82df5.index.min.js;fc5bd8c640__xiumius.cn_scripts_app_home_c0e1e8.index.min.js;e950145e3a13__edt.xiumius.cn_scripts_app_home_c82df5.index.min.js.js;xiumius_home_index.js"
"/api/user/info/nickname","PUT","user","nickname","e950145e3a__edt.xiumius.cn_scripts_app_home_c82df5.index.min.js;fc5bd8c640__xiumius.cn_scripts_app_home_c0e1e8.index.min.js;e950145e3a13__edt.xiumius.cn_scripts_app_home_c82df5.index.min.js.js;xiumius_home_index.js"
"/api/user/info/phone","PUT","user","area_code|clear_email|code|phone","b9de856e7e__edt.xiumius.cn_scripts_app_studio_entries_total_021cc3.main.min.js;e950145e3a__edt.xiumius.cn_scripts_app_home_c82df5.index.min.js;fc5bd8c640__xiumius.cn_scripts_app_home_c0e1e8.index.min.js;e950145e3a13__edt.xiumius.cn_scripts_app_home_c82df5.index.min.js.js;xiumius_home_index.js"
"/api/user/info/transfercoin","POST","user","area_code|transfer_count|transfer_email","e950145e3a__edt.xiumius.cn_scripts_app_home_c82df5.index.min.js;fc5bd8c640__xiumius.cn_scripts_app_home_c0e1e8.index.min.js;e950145e3a13__edt.xiumius.cn_scripts_app_home_c82df5.index.min.js.js;xiumius_home_index.js"
"/api/user/info/upgradebycoin","POST","user","","e950145e3a__edt.xiumius.cn_scripts_app_home_c82df5.index.min.js;fc5bd8c640__xiumius.cn_scripts_app_home_c0e1e8.index.min.js;e950145e3a13__edt.xiumius.cn_scripts_app_home_c82df5.index.min.js.js;xiumius_home_index.js"
"/api/user/password","PUT","user","email|password","e950145e3a__edt.xiumius.cn_scripts_app_home_c82df5.index.min.js;fc5bd8c640__xiumius.cn_scripts_app_home_c0e1e8.index.min.js;e950145e3a13__edt.xiumius.cn_scripts_app_home_c82df5.index.min.js.js;xiumius_home_index.js"
"/api/user/reset-phone","GET|DELETE|POST","user","","b9de856e7e__edt.xiumius.cn_scripts_app_studio_entries_total_021cc3.main.min.js;e950145e3a__edt.xiumius.cn_scripts_app_home_c82df5.index.min.js;fc5bd8c640__xiumius.cn_scripts_app_home_c0e1e8.index.min.js;e950145e3a13__edt.xiumius.cn_scripts_app_home_c82df5.index.min.js.js;xiumius_home_index.js"
"/api/user/template_membership","GET","user","","b9de856e7e__edt.xiumius.cn_scripts_app_studio_entries_total_021cc3.main.min.js;e950145e3a__edt.xiumius.cn_scripts_app_home_c82df5.index.min.js;fc5bd8c640__xiumius.cn_scripts_app_home_c0e1e8.index.min.js;e950145e3a13__edt.xiumius.cn_scripts_app_home_c82df5.index.min.js.js;xiumius_home_index.js"
"/api/user/template_membership_state","GET","user","","b9de856e7e__edt.xiumius.cn_scripts_app_studio_entries_total_021cc3.main.min.js;e950145e3a__edt.xiumius.cn_scripts_app_home_c82df5.index.min.js;fc5bd8c640__xiumius.cn_scripts_app_home_c0e1e8.index.min.js;e950145e3a13__edt.xiumius.cn_scripts_app_home_c82df5.index.min.js.js;xiumius_home_index.js"
"/api/user/traffic_package_info","GET","user","","b9de856e7e__edt.xiumius.cn_scripts_app_studio_entries_total_021cc3.main.min.js;e950145e3a__edt.xiumius.cn_scripts_app_home_c82df5.index.min.js;fc5bd8c640__xiumius.cn_scripts_app_home_c0e1e8.index.min.js;e950145e3a13__edt.xiumius.cn_scripts_app_home_c82df5.index.min.js.js;xiumius_home_index.js"
"/api/user/traffic_package_list/for","GET","user","limit","b9de856e7e__edt.xiumius.cn_scripts_app_studio_entries_total_021cc3.main.min.js;e950145e3a__edt.xiumius.cn_scripts_app_home_c82df5.index.min.js;fc5bd8c640__xiumius.cn_scripts_app_home_c0e1e8.index.min.js;e950145e3a13__edt.xiumius.cn_scripts_app_home_c82df5.index.min.js.js;xiumius_home_index.js"
"/api/user/unbind_apple","POST","user","force","e950145e3a__edt.xiumius.cn_scripts_app_home_c82df5.index.min.js;fc5bd8c640__xiumius.cn_scripts_app_home_c0e1e8.index.min.js;e950145e3a13__edt.xiumius.cn_scripts_app_home_c82df5.index.min.js.js;xiumius_home_index.js"
"/api/user/unbind_qq","POST","user","force","e950145e3a__edt.xiumius.cn_scripts_app_home_c82df5.index.min.js;fc5bd8c640__xiumius.cn_scripts_app_home_c0e1e8.index.min.js;e950145e3a13__edt.xiumius.cn_scripts_app_home_c82df5.index.min.js.js;xiumius_home_index.js"
"/api/user/unbind_wechat","POST","user","force","e950145e3a__edt.xiumius.cn_scripts_app_home_c82df5.index.min.js;fc5bd8c640__xiumius.cn_scripts_app_home_c0e1e8.index.min.js;e950145e3a13__edt.xiumius.cn_scripts_app_home_c82df5.index.min.js.js;xiumius_home_index.js"
"/api/user/unbind_weibo","POST","user","force","e950145e3a__edt.xiumius.cn_scripts_app_home_c82df5.index.min.js;fc5bd8c640__xiumius.cn_scripts_app_home_c0e1e8.index.min.js;e950145e3a13__edt.xiumius.cn_scripts_app_home_c82df5.index.min.js.js;xiumius_home_index.js"
"/api/wallet/bills","GET","wallet","limit|page","e950145e3a__edt.xiumius.cn_scripts_app_home_c82df5.index.min.js;fc5bd8c640__xiumius.cn_scripts_app_home_c0e1e8.index.min.js;e950145e3a13__edt.xiumius.cn_scripts_app_home_c82df5.index.min.js.js;xiumius_home_index.js"
"/api/wallet/my/balance","GET","wallet","","e950145e3a__edt.xiumius.cn_scripts_app_home_c82df5.index.min.js;fc5bd8c640__xiumius.cn_scripts_app_home_c0e1e8.index.min.js;e950145e3a13__edt.xiumius.cn_scripts_app_home_c82df5.index.min.js.js;xiumius_home_index.js"
"/api/wallet/team_balance","GET","wallet","limit","e950145e3a__edt.xiumius.cn_scripts_app_home_c82df5.index.min.js;e950145e3a13__edt.xiumius.cn_scripts_app_home_c82df5.index.min.js.js"
"/api/wallet/team/balance","GET","wallet","","e950145e3a__edt.xiumius.cn_scripts_app_home_c82df5.index.min.js;e950145e3a13__edt.xiumius.cn_scripts_app_home_c82df5.index.min.js.js"
"/api/wallet/team/bills","GET","wallet","limit|page","e950145e3a__edt.xiumius.cn_scripts_app_home_c82df5.index.min.js;e950145e3a13__edt.xiumius.cn_scripts_app_home_c82df5.index.min.js.js"
"/auth/agreement/access","PUT","agreement","","e4397b328f__edt.xiumius.cn_views_app_auth_0b9312.ng-tpl.min.js;e4397b328f59__edt.xiumius.cn_views_app_auth_0b9312.ng-tpl.min.js.js;edt_auth_tpl.js"
"/auth/agreement/reject","PUT","agreement","","e4397b328f__edt.xiumius.cn_views_app_auth_0b9312.ng-tpl.min.js;e4397b328f59__edt.xiumius.cn_views_app_auth_0b9312.ng-tpl.min.js.js;edt_auth_tpl.js"
"/auth/bind_qq","POST","bind_qq","","e950145e3a__edt.xiumius.cn_scripts_app_home_c82df5.index.min.js;fc5bd8c640__xiumius.cn_scripts_app_home_c0e1e8.index.min.js;e950145e3a13__edt.xiumius.cn_scripts_app_home_c82df5.index.min.js.js;xiumius_home_index.js"
"/auth/bind_wechat","POST","bind_wechat","","e950145e3a__edt.xiumius.cn_scripts_app_home_c82df5.index.min.js;fc5bd8c640__xiumius.cn_scripts_app_home_c0e1e8.index.min.js;e950145e3a13__edt.xiumius.cn_scripts_app_home_c82df5.index.min.js.js;xiumius_home_index.js"
"/auth/bind_weibo","POST","bind_weibo","","e950145e3a__edt.xiumius.cn_scripts_app_home_c82df5.index.min.js;fc5bd8c640__xiumius.cn_scripts_app_home_c0e1e8.index.min.js;e950145e3a13__edt.xiumius.cn_scripts_app_home_c82df5.index.min.js.js;xiumius_home_index.js"
"/auth/connect/user/access_code","GET","connect","access_code|user_sid","b9de856e7e__edt.xiumius.cn_scripts_app_studio_entries_total_021cc3.main.min.js;e950145e3a__edt.xiumius.cn_scripts_app_home_c82df5.index.min.js;fc5bd8c640__xiumius.cn_scripts_app_home_c0e1e8.index.min.js;e950145e3a13__edt.xiumius.cn_scripts_app_home_c82df5.index.min.js.js;xiumius_home_index.js"
"/auth/email/login","PUT","email","","e4397b328f__edt.xiumius.cn_views_app_auth_0b9312.ng-tpl.min.js;e4397b328f59__edt.xiumius.cn_views_app_auth_0b9312.ng-tpl.min.js.js;edt_auth_tpl.js"
"/auth/logout","GET","logout","","001c3aa82e__edt.xiumius.cn_scripts_app_auth_d4a63b.index.min.js;b9de856e7e__edt.xiumius.cn_scripts_app_studio_entries_total_021cc3.main.min.js;e950145e3a__edt.xiumius.cn_scripts_app_home_c82df5.index.min.js;fc5bd8c640__xiumius.cn_scripts_app_home_c0e1e8.index.min.js;001c3aa82e37__edt.xiumius.cn_scripts_app_auth_d4a63b.index.min.js.js;e950145e3a13__edt.xiumius.cn_scripts_app_home_c82df5.index.min.js.js;edt_auth_index.js;xiumius_home_index.js"
"/auth/me","GET","me","","001c3aa82e__edt.xiumius.cn_scripts_app_auth_d4a63b.index.min.js;b9de856e7e__edt.xiumius.cn_scripts_app_studio_entries_total_021cc3.main.min.js;e950145e3a__edt.xiumius.cn_scripts_app_home_c82df5.index.min.js;fc5bd8c640__xiumius.cn_scripts_app_home_c0e1e8.index.min.js;001c3aa82e37__edt.xiumius.cn_scripts_app_auth_d4a63b.index.min.js.js;e950145e3a13__edt.xiumius.cn_scripts_app_home_c82df5.index.min.js.js;edt_auth_index.js;xiumius_home_index.js"
"/auth/mobile_wechat","","mobile_wechat","","001c3aa82e__edt.xiumius.cn_scripts_app_auth_d4a63b.index.min.js;001c3aa82e37__edt.xiumius.cn_scripts_app_auth_d4a63b.index.min.js.js;edt_auth_index.js"
"/auth/qq","","qq","","001c3aa82e__edt.xiumius.cn_scripts_app_auth_d4a63b.index.min.js;001c3aa82e37__edt.xiumius.cn_scripts_app_auth_d4a63b.index.min.js.js;edt_auth_index.js"
"/auth/report/result/failed","GET","report","delay_time|loadingUserInfo|requirePhoneBind|signingIn|signingOut|uploadCdnHost|uploadCfgs|uploadToOss|userInfo","001c3aa82e__edt.xiumius.cn_scripts_app_auth_d4a63b.index.min.js;b9de856e7e__edt.xiumius.cn_scripts_app_studio_entries_total_021cc3.main.min.js;e950145e3a__edt.xiumius.cn_scripts_app_home_c82df5.index.min.js;fc5bd8c640__xiumius.cn_scripts_app_home_c0e1e8.index.min.js;001c3aa82e37__edt.xiumius.cn_scripts_app_auth_d4a63b.index.min.js.js;e950145e3a13__edt.xiumius.cn_scripts_app_home_c82df5.index.min.js.js;edt_auth_index.js;xiumius_home_index.js"
"/auth/report/result/success","GET","report","delay_time|loadingUserInfo|requirePhoneBind|signingIn|signingOut|uploadCdnHost|uploadCfgs|uploadToOss|userInfo","001c3aa82e__edt.xiumius.cn_scripts_app_auth_d4a63b.index.min.js;b9de856e7e__edt.xiumius.cn_scripts_app_studio_entries_total_021cc3.main.min.js;e950145e3a__edt.xiumius.cn_scripts_app_home_c82df5.index.min.js;fc5bd8c640__xiumius.cn_scripts_app_home_c0e1e8.index.min.js;001c3aa82e37__edt.xiumius.cn_scripts_app_auth_d4a63b.index.min.js.js;e950145e3a13__edt.xiumius.cn_scripts_app_home_c82df5.index.min.js.js;edt_auth_index.js;xiumius_home_index.js"
"/auth/wechat","","wechat","","001c3aa82e__edt.xiumius.cn_scripts_app_auth_d4a63b.index.min.js;001c3aa82e37__edt.xiumius.cn_scripts_app_auth_d4a63b.index.min.js.js;edt_auth_index.js"
"/auth/weibo","","weibo","","001c3aa82e__edt.xiumius.cn_scripts_app_auth_d4a63b.index.min.js;001c3aa82e37__edt.xiumius.cn_scripts_app_auth_d4a63b.index.min.js.js;edt_auth_index.js"